,name,date_time,lat,lon,temp,temp_min,temp_max,humidity,wind_speed,clouds_percent
0,Narsaq,1578240808,60.91,-46.05,266.15,266.15,266.15,57,3.1,75
1,Kapaa,1578240808,22.08,-159.32,296.37,295.15,297.15,83,8.7,75
2,Roald,1578240808,62.58,6.12,278.33,274.82,282.15,93,9.8,75
3,Georgetown,1578240589,6.8,-58.16,302.15,302.15,302.15,66,4.1,75
4,Bluff,1578240809,-23.58,149.07,295.41,295.41,295.41,77,3.68,34
5,Thompson,1578240809,55.74,-97.86,258.15,258.15,258.15,84,2.1,90
6,Wiarton,1578240809,44.74,-81.13,271.6,270.37,273.15,74,1.0,90
7,Esperance,1578240809,-33.86,121.89,293.15,293.15,293.15,52,6.7,0
8,Mataura,1578240809,-46.19,168.86,283.71,283.71,283.71,86,5.81,100
9,Broome,1578240809,52.47,1.45,280.71,279.82,281.48,87,5.1,75
10,Kodiak,1578240810,39.95,-94.76,281.23,280.15,282.59,52,6.7,1
11,Pierre,1578240810,44.37,-100.35,275.18,274.15,275.93,74,9.8,1
12,Yuanping,1578240810,38.72,112.71,267.98,267.98,267.98,97,0.43,100
13,Walvis Bay,1578240810,-22.95,14.51,292.59,292.59,292.59,81,0.89,32
14,Haines Junction,1578240810,60.75,-137.51,245.42,245.42,245.42,96,0.46,32
15,Saint George,1578240811,39.45,22.34,280.77,280.15,281.15,80,7.2,90
16,Ribeira Grande,1578240811,38.52,-28.7,291.15,291.15,291.15,93,9.3,75
17,Punta Arenas,1578240811,-53.16,-70.91,284.95,284.15,285.93,71,8.7,75
18,Saskylakh,1578240811,71.97,114.09,243.76,243.76,243.76,95,4.76,0
19,Nova Granada,1578240811,-20.53,-49.32,301.15,301.15,301.15,65,3.6,75
20,Wexford,1578240656,40.63,-80.06,272.09,271.48,272.59,74,3.6,90
21,Cap Malheureux,1578240811,-19.98,57.61,297.09,297.04,297.15,94,4.6,75
22,Rikitea,1578240811,-23.12,-134.97,297.3,297.3,297.3,72,6.48,8
23,Comodoro Rivadavia,1578240812,-45.87,-67.48,295.15,295.15,295.15,30,8.2,40
24,Gavle,1578240812,60.67,17.14,272.59,272.59,272.59,87,3.58,100
25,Busselton,1578240812,-33.64,115.35,288.68,287.04,290.93,32,5.19,33
26,Nikolskoye,1578240812,59.7,30.79,270.21,269.26,271.15,68,5.0,75
27,Naryan-Mar,1578240813,67.67,53.09,263.71,263.71,263.71,88,7.7,57
28,Port Elizabeth,1578240813,39.31,-74.98,277.79,276.48,279.15,44,8.2,75
29,Butaritari,1578240813,3.07,172.79,302.72,302.72,302.72,75,5.61,99
30,Bredasdorp,1578240813,-34.53,20.04,291.71,290.37,294.15,64,4.6,100
31,Hobart,1578240813,-42.88,147.33,281.69,278.71,284.15,81,2.6,40
32,Basey,1578240813,11.28,125.07,297.59,297.59,297.59,95,2.13,60
33,Racale,1578240813,39.96,18.09,281.6,281.15,282.15,45,11.8,0
34,Sorland,1578240814,67.67,12.69,275.08,273.15,277.15,93,12.3,75
35,Petropavlovsk-Kamchatskiy,1578240814,53.05,158.65,273.15,273.15,273.15,85,3.0,75
36,Phrae,1578240814,18.14,100.15,298.43,295.93,300.93,99,0.59,0
37,Garmsar,1578240814,35.22,52.34,282.32,282.32,282.32,32,6.51,0
38,Camacha,1578240814,33.08,-16.33,291.15,291.15,291.15,72,5.1,40
39,Tuktoyaktuk,1578240814,69.44,-133.03,243.15,243.15,243.15,74,3.6,90
40,Nome,1578240815,30.04,-94.42,288.68,285.15,291.48,87,2.6,1
41,El Angel,1578240815,0.62,-77.93,288.15,288.15,288.15,72,2.25,40
42,Sibu,1578240815,2.29,111.83,298.15,298.15,298.15,94,1.5,75
43,Puerto Ayora,1578240815,-0.74,-90.35,298.83,297.04,300.15,65,5.1,75
44,Mackay,1578240815,53.65,-115.58,259.15,259.15,259.15,84,3.98,20
45,Arbroath,1578240559,56.56,-2.59,282.54,282.04,283.15,87,7.7,75
46,Tautira,1578240815,-17.73,-149.15,298.15,298.15,298.15,83,1.5,40
47,Sao Filipe,1578240815,14.9,-24.5,295.65,295.65,295.65,63,6.33,24
48,Vaini,1578240816,15.34,74.49,294.15,294.15,294.15,73,0.95,20
49,Marshfield,1578240816,42.09,-70.71,275.72,274.26,277.15,64,8.7,75
50,Arkhipo-Osipovka,1578240816,44.37,38.53,277.1,277.1,277.1,81,1.26,100
51,Yellowknife,1578240816,62.45,-114.38,250.25,250.15,250.37,76,3.6,75
52,Atuona,1578240816,-9.8,-139.03,299.87,299.87,299.87,67,1.43,0
53,Kupang,1578240817,-10.16,123.6,300.15,300.15,300.15,88,5.7,75
54,Castro,1578240817,-42.48,-73.76,287.15,287.15,287.15,76,4.6,75
55,Sept-Iles,1578240817,50.2,-66.38,265.49,265.15,265.93,67,6.7,75
56,Quimper,1578240817,48.0,-4.1,280.87,280.15,281.48,81,3.1,90
57,Jamestown,1578240729,-33.21,138.6,285.13,285.13,285.13,89,4.91,100
58,Flin Flon,1578240817,54.77,-101.88,264.15,264.15,264.15,78,4.6,90
59,Carnarvon,1578240817,-30.97,22.13,305.65,305.65,305.65,7,9.65,0
60,Terra Santa,1578240817,-2.1,-56.49,305.48,305.48,305.48,50,2.99,57
61,Waitati,1578240818,-45.75,170.57,285.93,285.93,285.93,49,5.36,8
62,Batemans Bay,1578240818,-35.71,150.18,288.15,288.15,288.15,79,4.02,69
63,Pangnirtung,1578240818,66.15,-65.72,230.71,230.71,230.71,97,2.55,100
64,Virginia Beach,1578240685,36.85,-75.98,280.21,279.15,281.48,48,8.2,20
65,Tevaitoa,1578240818,-16.78,-151.5,300.25,300.25,300.25,77,4.29,36
66,Townsville,1578240819,-19.26,146.82,299.67,299.26,300.15,74,4.1,40
67,Fairbanks,1578240605,64.84,-147.72,237.74,235.15,242.59,58,0.46,75
68,Qaanaaq,1578240819,77.48,-69.36,238.52,238.52,238.52,48,2.41,0
69,Soledade,1578240819,-7.06,-36.37,303.15,303.15,303.15,51,3.1,75
70,Luwuk,1578240819,-0.95,122.79,300.49,300.49,300.49,77,4.89,100
71,Arraial do Cabo,1578240678,-22.97,-42.02,300.67,300.15,301.15,78,3.6,75
72,Ushuaia,1578240764,-54.81,-68.31,288.15,288.15,288.15,47,5.1,75
73,Goderich,1578240820,43.74,-81.71,273.64,272.04,275.37,71,2.24,98
74,Lebu,1578240820,8.96,38.73,293.52,293.52,293.52,39,5.61,49
75,Gorontalo,1578240820,0.54,123.06,296.17,296.17,296.17,96,1.35,100
76,Totolapan,1578240820,18.99,-98.92,285.26,282.04,291.15,39,2.6,5
77,Antofagasta,1578240820,-23.65,-70.4,296.15,296.15,296.15,60,6.2,75
78,Souillac,1578240820,45.6,-0.6,281.44,280.93,282.15,66,6.2,0
79,Parnarama,1578240821,-5.68,-43.09,306.22,306.22,306.22,52,1.24,72
80,Ancud,1578240821,-41.87,-73.83,287.15,287.15,287.15,76,4.6,75
81,Dakar,1578240196,14.69,-17.45,299.56,297.15,302.15,21,6.2,0
82,Ponta do Sol,1578240821,-20.63,-46.0,298.77,298.77,298.77,71,2.23,98
83,Port Alfred,1578240719,-33.59,26.89,295.37,295.37,295.37,83,2.24,40
84,Nemuro,1578240821,43.32,145.57,269.23,269.23,269.23,66,10.49,49
85,Acapulco,1578240704,16.86,-99.88,300.15,300.15,300.15,69,2.1,5
86,Rio Claro,1578240822,-22.41,-47.56,300.15,300.15,300.15,65,6.2,75
87,Albany,1578240654,42.65,-73.75,272.27,269.82,274.82,50,8.7,75
88,Skoghall,1578240780,59.32,13.47,275.62,275.15,275.93,100,7.2,100
89,Airai,1578240823,-8.93,125.41,293.82,293.82,293.82,89,2.28,100
90,Shimoda,1578240823,34.7,138.93,274.26,274.26,274.26,79,6.95,97
91,Khatanga,1578240823,71.98,102.47,249.32,249.32,249.32,87,4.5,85
92,Valparaiso,1578240611,41.47,-87.06,272.81,271.15,274.26,100,4.1,40
93,Graham,1578240823,33.11,-98.59,287.09,285.93,288.71,37,5.1,1
94,Pevek,1578240824,69.7,170.27,251.38,251.38,251.38,80,2.97,0
95,Kahului,1578240824,20.89,-156.47,293.86,292.15,296.15,78,5.1,1
96,Ambilobe,1578240824,-13.19,49.05,300.15,300.15,300.15,84,2.83,100
97,Oga,1578240824,46.46,10.35,269.94,267.15,274.15,62,1.5,0
98,Margate,1578240824,-43.03,147.26,281.7,278.71,284.15,81,2.6,40
99,Mahebourg,1578240824,-20.41,57.7,297.08,297.04,297.15,94,4.6,75
100,San Quintin,1578240824,17.54,120.52,294.14,294.14,294.14,74,3.83,28
101,East London,1578240773,-33.02,27.91,292.15,292.15,292.15,93,6.7,90
102,Birigui,1578240426,-21.29,-50.34,302.85,302.85,302.85,54,3.32,31
103,Sisimiut,1578240825,66.94,-53.67,256.59,256.59,256.59,94,3.72,100
104,Portland,1578240825,43.66,-70.25,272.93,271.15,274.82,55,9.8,40
105,Geraldton,1578240825,49.72,-86.95,262.15,262.15,262.15,78,3.6,90
106,Ewa Beach,1578240825,21.32,-158.01,295.99,294.15,297.15,83,4.1,40
107,Severo-Kurilsk,1578240826,50.68,156.12,265.94,265.94,265.94,91,3.42,100
108,Bubaque,1578240826,11.28,-15.83,299.41,299.41,299.41,43,1.59,0
109,Chuy,1578240826,-33.69,-53.46,298.93,298.93,298.93,49,2.0,0
110,Port Hardy,1578240725,50.7,-127.42,274.15,274.15,274.15,97,2.1,90
111,Provideniya,1578240826,64.42,-173.23,249.85,249.85,249.85,98,3.66,85
112,Muli,1578240826,28.08,109.56,282.03,282.03,282.03,91,1.29,100
113,Vila do Maio,1578240826,15.13,-23.22,299.15,299.15,299.15,47,8.2,0
114,Zheleznodorozhnyy,1578240826,55.75,38.0,273.31,273.15,274.15,74,2.0,75
115,Marechal Candido Rondon,1578240827,-24.56,-54.06,300.11,300.11,300.11,73,2.8,3
116,Hilo,1578240827,19.71,-155.08,290.89,280.93,295.15,83,3.1,90
117,Sao Joao da Barra,1578240827,-21.64,-41.05,301.15,301.15,301.15,69,4.1,75
118,Sinnamary,1578240827,5.38,-52.96,299.84,299.84,299.84,77,5.81,31
119,Faanui,1578240827,-16.48,-151.75,300.22,300.22,300.22,77,4.91,0
120,Santo Domingo,1578240827,18.48,-69.94,302.54,301.48,303.15,62,6.7,40
121,Isangel,1578240827,-19.55,169.27,298.15,298.15,298.15,73,4.1,77
122,Bay Roberts,1578240828,47.58,-53.28,272.65,272.04,273.71,86,6.2,90
123,Bambous Virieux,1578240828,-20.34,57.76,297.08,297.04,297.15,94,4.6,75
124,Fortuna,1578240828,40.6,-124.16,279.92,277.59,281.48,93,5.7,90
125,Conselice,1578240828,44.51,11.83,281.64,280.37,283.15,76,4.6,0
126,Tasiilaq,1578240828,65.61,-37.64,271.15,271.15,271.15,86,5.1,100
127,Nikolayevka,1578240828,46.73,38.57,277.88,277.88,277.88,92,2.07,99
128,Porto Novo,1578240829,-23.68,-45.44,299.15,299.15,299.15,61,2.1,75
129,Antalaha,1578240829,-14.9,50.28,301.5,301.5,301.5,77,6.14,100
130,Batalha,1578240829,-9.67,-37.13,304.48,304.48,304.48,49,2.51,100
131,Dubbo,1578240829,-32.25,148.6,294.15,294.15,294.15,60,11.8,40
132,Kayes,1578240829,14.44,-11.44,303.15,303.15,303.15,10,4.1,0
133,Coihaique,1578240829,-45.58,-72.07,286.57,286.15,287.15,67,3.1,75
134,Sitka,1578240830,37.17,-99.65,280.93,280.93,280.93,53,3.13,0
135,Norman Wells,1578240830,65.28,-126.83,244.15,244.15,244.15,68,1.5,90
136,Hithadhoo,1578240736,-0.6,73.08,302.08,302.08,302.08,73,5.96,95
137,Mogadishu,1578240830,2.04,45.34,300.43,300.43,300.43,85,9.17,0
138,Axim,1578240830,4.87,-2.24,307.92,307.92,307.92,18,2.68,0
139,Cape Town,1578240723,-33.93,18.42,294.29,292.04,295.93,68,4.6,75
140,Ostrovnoy,1578240830,68.05,39.51,264.19,264.19,264.19,89,10.25,78
141,Am Timan,1578240831,11.04,20.28,306.78,306.78,306.78,13,2.07,0
142,Torbay,1578240831,47.66,-52.73,272.65,272.04,273.71,86,6.2,90
143,Wasilla,1578240626,61.58,-149.44,249.07,244.15,252.04,75,0.77,90
144,Tiznit,1578240831,29.7,-9.73,288.94,288.94,288.94,34,2.88,0
145,Bethel,1578240726,60.79,-161.76,244.86,244.15,246.15,68,2.6,1
146,Mar del Plata,1578240831,-46.43,-67.52,293.09,293.09,293.09,29,8.79,16
147,Hermanus,1578240831,-34.42,19.24,291.39,290.37,292.04,91,3.13,100
148,Salym,1578240832,60.06,71.48,265.66,265.66,265.66,93,4.51,100
149,San Joaquin,1578240832,10.59,122.14,298.02,298.02,298.02,82,5.34,3
150,Cabo San Lucas,1578240605,22.89,-109.91,291.57,289.26,293.71,28,1.5,5
151,Cockburn Town,1578240832,21.46,-71.14,298.11,298.11,298.11,65,1.86,0
152,Mount Gambier,1578240832,-37.83,140.78,282.15,282.15,282.15,87,3.6,5
153,Iqaluit,1578240833,63.75,-68.52,238.68,238.15,239.26,59,4.1,75
154,Ankpa,1578240833,7.37,7.63,307.88,307.88,307.88,17,1.65,0
155,Huaraz,1578240833,-9.53,-77.53,281.31,281.31,281.31,51,2.8,91
156,Russell,1578240833,38.9,-98.86,279.72,279.15,280.37,48,9.8,1
157,Zlynka,1578240833,52.43,31.74,274.15,274.15,274.15,88,6.0,75
158,Troitsko-Pechorsk,1578240833,62.71,56.19,269.53,269.53,269.53,95,2.75,100
159,Nishihara,1578240833,35.74,139.53,276.58,270.93,280.37,39,6.2,20
160,Severodvinsk,1578240834,64.56,39.82,266.15,266.15,266.15,85,4.0,40
161,Tocopilla,1578240835,-22.09,-70.2,294.4,294.4,294.4,40,6.07,0
162,Pringsewu,1578240835,-5.36,104.98,296.42,296.42,296.42,95,1.03,91
163,Erzin,1578240835,36.95,36.2,281.65,281.15,282.15,81,1.5,40
164,Laguna,1578240835,16.17,-88.94,295.15,295.15,295.15,94,3.1,75
165,Suifenhe,1578240836,44.39,131.16,260.14,260.14,260.14,84,1.85,0
166,Bundaberg,1578240836,-24.87,152.35,298.15,298.15,298.15,73,3.6,87
167,Sucua,1578240836,-2.46,-78.17,297.15,297.15,297.15,69,2.6,20
168,Ialibu,1578240836,-6.28,143.99,289.9,289.9,289.9,98,0.66,100
169,Tokur,1578240836,53.13,132.9,245.31,245.31,245.31,96,0.97,20
170,Upernavik,1578240555,72.79,-56.15,237.66,237.66,237.66,90,5.15,100
171,Agadir,1578240836,30.42,-9.58,292.15,292.15,292.15,48,5.1,17
172,Ust-Ishim,1578240836,57.69,71.17,262.06,262.06,262.06,95,3.08,96
173,Saint-Philippe,1578240837,45.36,-73.48,268.95,267.15,270.93,73,1.5,90
174,Ocos,1578240837,14.51,-92.19,302.24,301.15,304.15,62,1.5,20
175,Coquimbo,1578240837,-29.95,-71.34,290.15,290.15,290.15,82,4.6,90
176,Jasper,1578240648,33.83,-87.28,279.15,277.04,280.37,75,1.46,1
177,Nova Varos,1578240837,43.46,19.82,269.15,269.15,269.15,92,2.1,90
178,College,1578240837,64.86,-147.8,237.57,233.15,242.59,73,0.52,100
179,Khovu-Aksy,1578240837,51.13,93.72,255.27,255.27,255.27,78,3.2,0
180,Chifeng,1578240838,42.27,118.96,268.3,268.3,268.3,58,3.2,100
181,Samarai,1578240838,-10.62,150.67,298.32,298.32,298.32,90,1.0,97
182,Lavrentiya,1578240838,65.58,-170.99,249.75,249.75,249.75,87,3.78,95
183,Fort Smith,1578240838,35.39,-94.42,279.66,276.15,283.15,53,0.85,1
184,Anadyr,1578240838,64.73,177.51,239.15,239.15,239.15,66,3.0,0
185,New Norfolk,1578240839,-42.78,147.06,281.7,278.71,284.15,81,2.6,40
186,Salalah,1578240839,17.01,54.1,298.15,298.15,298.15,73,3.6,40
187,Tura,1578240839,64.27,100.22,260.14,260.14,260.14,91,3.66,100
188,Weihai,1578240839,37.5,122.11,278.15,278.15,278.15,75,2.54,100
189,Lalibela,1578240839,12.04,39.05,294.5,294.5,294.5,43,2.98,31
190,Barrow,1578240839,-38.31,-60.23,295.53,295.53,295.53,73,3.83,100
191,Dikson,1578240839,73.51,80.55,263.05,263.05,263.05,89,9.05,88
192,Barddhaman,1578240840,23.25,87.85,290.98,290.98,290.98,46,2.93,0
193,Kruisfontein,1578240840,-34.0,24.73,294.84,294.84,294.84,65,7.74,100
194,North Myrtle Beach,1578240840,33.83,-78.68,282.51,281.15,283.71,45,6.2,1
195,Pochutla,1578240840,15.74,-96.47,301.96,301.15,303.15,65,4.1,75
196,Kavieng,1578240840,-2.57,150.8,302.27,302.27,302.27,74,4.63,42
197,Aquiraz,1578240840,-3.9,-38.39,302.59,301.48,303.15,62,6.2,40
198,Palana,1578240840,59.08,159.95,258.35,258.35,258.35,75,2.14,0
199,Houma,1578240841,35.63,111.36,274.35,274.35,274.35,99,0.61,100
200,Ibra,1578240841,22.69,58.55,296.92,296.92,296.92,43,3.49,33
201,Klaksvik,1578240841,62.23,-6.59,281.15,281.15,281.15,81,4.1,60
202,Razole,1578240841,16.48,81.84,295.81,295.81,295.81,94,2.28,0
203,Svencioneliai,1578240841,55.17,26.0,272.36,272.36,272.36,75,4.07,98
204,Gondanglegi,1578240841,-7.75,112.01,297.68,297.68,297.68,92,2.82,100
205,Skelleftea,1578240841,64.75,20.95,267.55,267.04,268.15,79,3.6,100
206,San Andres,1578240842,13.32,122.68,297.3,297.3,297.3,83,5.94,48
207,Kendari,1578240842,-3.99,122.52,297.75,297.75,297.75,95,2.11,100
208,Noumea,1578240843,-22.28,166.46,297.32,295.15,299.26,73,2.6,40
209,Luderitz,1578240843,-26.65,15.16,290.46,290.46,290.46,90,10.04,0
210,San Juan,1578240829,-31.54,-68.53,305.2,305.2,305.2,27,5.72,0
211,Talaya,1578240844,55.79,84.89,271.15,271.15,271.15,92,4.0,75
212,Tual,1578240844,-5.67,132.75,301.82,301.82,301.82,77,3.24,100
213,Taoudenni,1578240844,22.68,-3.98,296.84,296.84,296.84,10,3.57,0
214,Sabla,1578240844,12.75,4.71,303.7,303.7,303.7,15,4.42,25
215,Moerai,1578240844,-22.43,-151.33,298.7,298.7,298.7,81,1.02,54
216,Quatre Cocos,1578240844,-20.21,57.76,297.09,297.04,297.15,94,4.6,75
217,Severo-Yeniseyskiy,1578240845,60.37,93.04,264.59,264.59,264.59,91,4.21,87
218,Lazaro Cardenas,1578240845,28.39,-105.62,279.69,278.15,280.93,100,3.18,5
219,Clyde River,1578240845,70.47,-68.59,236.15,236.15,236.15,65,2.6,5
220,Panaba,1578240845,21.28,-88.27,295.64,295.64,295.64,70,4.63,100
221,Cairns,1578240845,-16.92,145.77,297.22,294.26,299.15,78,2.6,0
222,Dingle,1578240846,11.0,122.67,295.99,295.99,295.99,95,4.78,47
223,Shyroke,1578240624,47.96,38.23,274.45,274.45,274.45,89,1.65,92
224,Rawson,1578240695,-43.3,-65.11,290.56,290.56,290.56,60,5.38,100
225,Zhigansk,1578240724,66.77,123.37,247.71,247.71,247.71,95,5.36,100
226,Leninskiy,1578240846,51.87,37.55,271.35,271.35,271.35,93,2.56,100
227,Acajutla,1578240578,13.59,-89.83,296.62,295.93,297.15,50,5.1,0
228,Baykit,1578240846,61.68,96.39,260.24,260.24,260.24,95,2.09,99
229,Victoria,1578240840,5.28,115.24,300.5,299.82,301.15,83,3.1,75
230,Krasnozerskoye,1578240847,53.98,79.24,265.24,265.24,265.24,95,4.72,99
231,Umm Lajj,1578240847,25.02,37.27,287.94,287.94,287.94,55,3.06,0
232,Eisenberg,1578240847,50.97,11.9,275.96,273.71,277.59,69,3.1,20
233,Beloha,1578240847,-25.17,45.06,300.1,300.1,300.1,60,9.28,0
234,Marzuq,1578240847,14.4,46.47,295.22,295.22,295.22,58,4.76,0
235,Thibodaux,1578240689,29.8,-90.82,286.56,284.82,287.59,54,3.1,1
236,Grand Forks,1578240847,47.91,-97.06,271.54,271.15,272.15,74,7.7,1
237,Meulaboh,1578240848,4.14,96.13,301.76,301.76,301.76,72,2.14,94
238,Gamba,1578240848,28.28,88.52,259.23,259.23,259.23,27,3.74,31
239,Smithers,1578240848,54.78,-127.17,273.15,273.15,273.15,96,9.3,40
240,Zharkent,1578240848,44.17,80.0,265.28,265.28,265.28,78,1.17,0
241,Poum,1578240848,41.28,20.71,273.15,273.15,273.15,59,7.2,40
242,Rupert,1578240848,42.62,-113.68,269.3,267.04,270.15,79,5.7,90
243,Broken Hill,1578240849,-31.97,141.45,288.15,288.15,288.15,72,7.7,87
244,Cidreira,1578240849,-30.17,-50.22,296.09,296.09,296.09,82,6.48,0
245,Kysyl-Syr,1578240849,63.9,122.77,246.9,246.9,246.9,98,2.36,100
246,Lorengau,1578240850,-2.02,147.27,301.95,301.95,301.95,74,2.94,100
247,Bambanglipuro,1578240850,-7.95,110.28,298.29,298.29,298.29,88,1.53,100
248,Sibolga,1578240851,1.74,98.78,295.2,295.2,295.2,96,1.45,12
249,Sistranda,1578240851,63.73,8.83,279.45,279.26,280.15,93,7.7,75
250,Ugoofaaru,1578240851,5.67,73.0,300.87,300.87,300.87,79,6.17,2
251,Grindavik,1578240851,63.84,-22.43,276.62,276.15,277.15,69,7.2,75
252,Saint-Hyacinthe,1578240628,45.63,-72.94,268.7,265.93,269.82,62,6.2,90
253,Kenai,1578240851,60.55,-151.26,248.91,245.15,253.71,75,2.6,1
254,Tessalit,1578240851,20.2,1.01,296.38,296.38,296.38,11,2.88,0
255,Taft,1578240851,11.9,125.42,299.56,299.56,299.56,85,8.66,32
256,Hamilton,1578240689,43.26,-79.87,273.78,272.04,275.37,81,5.7,90
257,Road Town,1578240587,18.42,-64.62,299.93,299.82,300.15,74,3.6,20
258,Nanortalik,1578240852,60.14,-45.24,271.36,271.36,271.36,69,10.1,0
259,Chokurdakh,1578240852,70.62,147.9,244.43,244.43,244.43,97,3.69,76
260,Hede,1578240852,60.45,15.49,273.44,272.59,274.15,96,5.1,90
261,Neiafu,1578240852,-18.65,-173.98,298.15,298.15,298.15,94,6.96,40
262,Shingu,1578240853,33.72,135.99,279.1,279.1,279.1,69,4.61,0
263,Yumen,1578240853,40.29,97.04,263.55,263.55,263.55,67,1.89,100
264,Christchurch,1578240853,-43.53,172.64,283.51,280.93,285.93,76,3.1,84
265,Vanderhoof,1578240856,54.02,-124.02,266.95,266.95,266.95,82,1.99,100
266,Sorong,1578240856,-0.86,131.25,297.09,297.09,297.09,95,1.7,29
267,Koindu,1578240856,8.44,-10.33,306.81,306.81,306.81,14,1.27,0
268,Poso,1578240856,-1.4,120.75,292.99,292.99,292.99,95,0.38,100
269,Manaus,1578240857,-3.13,-59.98,305.15,305.15,305.15,59,3.1,40
270,Saldanha,1578240857,41.42,-6.55,282.84,282.84,282.84,57,1.95,0
271,Namibe,1578240857,-15.19,12.15,297.13,297.13,297.13,87,3.58,100
272,Praia da Vitoria,1578240857,38.73,-27.07,291.15,291.15,291.15,93,12.78,75
273,Avera,1578240858,33.19,-82.53,280.54,279.82,281.48,52,2.6,1
274,Vila Franca do Campo,1578240858,37.72,-25.43,291.15,291.15,291.15,88,7.2,20
275,Aykhal,1578240858,65.95,111.51,248.15,248.15,248.15,83,1.0,15
276,Necochea,1578240858,-38.55,-58.74,293.15,293.15,293.15,83,4.02,100
277,Rio Gallegos,1578240858,-51.62,-69.22,290.15,290.15,290.15,36,8.2,40
278,Nenjiang,1578240858,49.17,125.23,256.67,256.67,256.67,92,1.66,33
279,Cayenne,1578240858,4.94,-52.33,297.15,297.15,297.15,94,3.6,0
280,Flinders,1578240858,-34.58,150.85,290.56,289.82,290.93,100,2.1,99
281,Bosaso,1578240859,11.28,49.18,298.63,298.63,298.63,75,4.09,98
282,Dongning,1578240859,44.06,131.12,261.63,261.63,261.63,79,2.15,0
283,Zinder,1578240859,13.81,8.99,298.15,298.15,298.15,15,5.1,33
284,Roswell,1578240745,33.39,-104.52,278.14,276.15,282.04,64,2.1,1
285,Lata,1578240859,30.78,78.62,262.31,262.31,262.31,59,2.42,100
286,Viedma,1578240860,-40.81,-62.99,297.48,297.48,297.48,29,5.88,84
287,Malanje,1578240860,-9.54,16.35,297.15,297.15,297.15,88,2.1,75
288,Mayumba,1578240860,-3.44,10.65,301.32,301.32,301.32,75,3.72,38
289,Karpathos,1578240860,35.51,27.21,288.15,288.15,288.15,62,2.6,75
290,Zhashkiv,1578240860,49.25,30.1,273.26,273.26,273.26,95,3.27,100
291,Kavaratti,1578240861,10.57,72.64,300.53,300.53,300.53,61,4.21,0
292,Smirnykh,1578240861,49.74,142.83,259.37,259.37,259.37,76,5.0,33
293,La Palma,1578240861,5.36,-74.39,296.4,296.4,296.4,88,1.42,100
294,Leningradskiy,1578240861,69.38,178.42,249.21,249.21,249.21,52,0.89,0
295,Mirabad,1578240861,28.27,61.33,286.22,286.22,286.22,75,11.92,82
296,Sasebo,1578240861,33.18,129.67,280.99,277.59,284.15,66,3.1,35
297,Kropotkin,1578240861,45.43,40.58,277.04,277.04,277.04,60,2.17,66
298,Gorom-Gorom,1578240862,14.45,-0.24,301.38,301.38,301.38,13,4.71,24
299,Cherskiy,1578240862,68.75,161.3,252.0,252.0,252.0,59,2.6,77
300,Dong Hoi,1578240619,17.48,106.6,292.45,292.45,292.45,94,1.34,0
301,Ilulissat,1578240862,69.22,-51.1,261.15,261.15,261.15,66,4.6,75
302,Faya,1578240862,18.39,42.45,288.66,288.15,289.15,82,2.6,20
303,Deputatskiy,1578240727,69.3,139.9,246.51,246.51,246.51,84,1.11,78
304,Gobabis,1578240862,-22.45,18.97,302.99,302.99,302.99,32,4.57,100
305,Pisco,1578240673,-13.71,-76.2,296.08,295.15,297.04,30,3.1,20
306,Livno,1578240863,43.83,17.0,279.15,279.15,279.15,24,5.7,100
307,Wewak,1578240863,-3.55,143.63,298.03,298.03,298.03,89,2.55,54
308,Mizdah,1578240863,31.45,12.98,283.95,283.95,283.95,56,7.31,0
309,Olmos,1578240863,-5.99,-79.75,291.41,291.41,291.41,73,2.11,89
310,Aksarka,1578240863,66.56,67.8,266.02,266.02,266.02,84,8.5,8
311,Palmer,1578240864,-34.85,139.16,288.19,284.82,290.37,77,2.1,100
312,Chapais,1578240864,49.78,-74.86,259.15,259.15,259.15,84,4.1,90
313,Kaele,1578240864,10.11,14.45,301.15,301.15,301.15,20,2.6,0
314,At-Bashi,1578240864,41.17,75.81,253.97,253.97,253.97,75,4.33,98
315,Shache,1578240864,38.42,77.24,268.14,268.14,268.14,58,1.91,35
316,Podsineye,1578240865,53.67,91.54,265.15,265.15,265.15,85,2.0,100
317,Maldonado,1578240686,-34.91,-54.96,299.15,299.15,299.15,54,6.2,40
318,Iranshahr,1578240865,27.21,60.69,294.15,294.15,294.15,52,2.1,23
319,Omsukchan,1578240865,62.53,155.8,252.68,252.68,252.68,51,0.69,22
320,Volksrust,1578240866,-27.36,29.88,302.43,302.43,302.43,31,2.34,33
321,Tiksi,1578240866,71.64,128.87,245.71,245.71,245.71,86,4.51,28
322,Abha,1578240866,18.22,42.5,288.67,288.15,289.15,82,2.6,20
323,Longyearbyen,1578240866,78.22,15.63,254.15,254.15,254.15,84,1.5,20
324,Vanimo,1578240866,-2.67,141.3,302.0,302.0,302.0,80,9.84,98
325,Novouzensk,1578240866,50.46,48.14,270.63,270.63,270.63,92,3.17,72
326,Sjovegan,1578240867,68.87,17.85,269.3,265.37,272.59,73,7.7,75
327,Tuatapere,1578240867,-46.13,167.69,283.71,283.71,283.71,86,5.81,100
328,Kupino,1578240867,54.36,77.31,268.45,268.45,268.45,94,5.84,100
329,Nouadhibou,1578240867,20.93,-17.03,297.15,297.15,297.15,23,6.2,51
330,Mindyak,1578240867,54.02,58.79,272.15,272.15,272.15,74,3.0,75
331,Boueni,1578240868,-12.9,45.08,302.15,302.15,302.15,74,5.1,100
332,Amahai,1578240868,-3.31,129.0,303.15,303.15,303.15,79,7.17,100
333,Espinosa,1578240868,-14.92,-42.81,292.73,292.73,292.73,97,2.46,100
334,Mandalgovi,1578240868,45.76,106.27,259.83,259.83,259.83,86,8.12,0
335,Dire,1578240868,9.18,38.92,290.28,290.28,290.28,54,4.97,0
336,La Orilla,1578240869,18.0,-102.23,295.25,295.25,295.25,47,2.64,20
337,Los Llanos de Aridane,1578240869,28.66,-17.92,292.47,290.93,294.15,56,4.6,20
338,Mehamn,1578240869,71.03,27.85,270.73,270.15,271.15,79,2.1,75
339,Neuquen,1578240869,-38.95,-68.06,293.15,293.15,293.15,30,6.2,55
340,Shitanjing,1578240869,39.23,106.34,270.37,270.37,270.37,46,2.12,100
341,Bathsheba,1578240869,13.22,-59.52,303.15,303.15,303.15,58,6.7,40
342,Avarua,1578240869,-21.21,-159.78,297.15,297.15,297.15,94,1.0,100
343,Sijunjung,1578240870,-0.69,100.95,295.18,295.18,295.18,88,0.57,98
344,Ambulu,1578240870,-8.35,113.61,301.35,301.35,301.35,80,5.06,100
345,Aklavik,1578240870,68.22,-135.01,243.53,243.15,244.15,75,6.2,90
346,Gravdal,1578240870,59.79,5.78,280.8,280.15,281.15,93,5.1,75
347,Kohtla-Jarve,1578240870,59.4,27.27,272.8,272.8,272.8,66,5.86,29
348,Cuamba,1578240870,-14.8,36.54,296.42,296.42,296.42,84,2.52,100
349,Carlagan,1578240871,14.97,122.05,298.15,298.15,298.15,79,8.62,8
350,Baghdad,1578240749,33.3,44.38,287.15,287.15,287.15,50,1.0,10
351,Darnah,1578240838,32.77,22.64,289.29,289.29,289.29,77,10.22,44
352,Hailey,1578240871,43.52,-114.32,266.08,264.82,267.15,62,3.1,90
353,Muisne,1578240871,0.61,-80.02,297.15,297.15,297.15,94,2.6,75
354,Srednebelaya,1578240871,50.66,128.01,252.15,252.15,252.15,76,3.0,0
355,Teya,1578240872,21.05,-89.07,297.41,297.15,297.59,57,2.51,40
356,Novobiryusinskiy,1578240872,56.96,97.71,268.35,268.35,268.35,95,3.66,100
357,Rudsar,1578240606,37.14,50.29,283.25,282.15,284.15,87,1.46,75
358,Porto Walter,1578240872,-8.27,-72.74,301.73,301.73,301.73,63,1.93,100
359,Shatrovo,1578240872,42.29,22.98,273.42,273.15,273.71,74,5.7,90
360,Moussoro,1578240872,13.64,16.49,300.29,300.29,300.29,14,5.86,0
361,Kayerkan,1578240873,69.35,87.76,266.15,266.15,266.15,100,12.0,75
362,Bataipora,1578240873,-22.3,-53.27,303.71,303.71,303.71,58,1.42,0
363,Kununurra,1578240873,-15.77,128.74,299.15,299.15,299.15,88,3.6,100
364,Requena,1578240873,39.49,-1.1,290.27,287.59,291.48,48,3.1,0
365,Tingi,1578240873,-11.3,35.03,297.8,297.8,297.8,79,0.78,100
366,Pouebo,1578240873,-20.4,164.57,295.16,295.16,295.16,85,1.58,15
367,Xining,1578240874,36.62,101.77,266.61,266.61,266.61,56,2.35,100
368,Solnechnyy,1578240874,50.72,136.64,253.06,253.06,253.06,81,1.07,0
369,La Ronge,1578240874,55.1,-105.3,258.15,258.15,258.15,77,4.6,40
370,Evensk,1578240874,61.92,159.24,255.92,255.92,255.92,44,1.55,44
371,Arlit,1578240874,18.74,7.39,297.45,297.45,297.45,10,0.38,0
372,Kaitangata,1578240874,-46.28,169.85,282.04,282.04,282.04,81,5.36,90
373,Burnie,1578240875,-41.05,145.91,284.83,283.71,285.93,73,1.79,100
374,Borsa,1578240851,47.66,24.66,269.82,269.82,269.82,79,3.34,28
375,Shenjiamen,1578240875,29.96,122.3,288.58,288.58,288.58,84,9.29,13
376,Puerto Baquerizo Moreno,1578240875,-0.9,-89.6,299.15,299.15,299.15,83,6.2,90
377,Hvide Sande,1578240875,56.01,8.13,280.39,279.82,281.48,87,4.6,100
378,Buzmeyin,1578240875,38.05,58.21,276.15,276.15,276.15,100,2.1,90
379,Taltal,1578240876,-25.41,-70.49,292.09,292.09,292.09,66,2.92,48
380,Xinyang,1578240876,32.13,114.07,279.14,279.14,279.14,98,3.12,100
381,Lamu,1578240876,35.77,102.37,265.72,265.72,265.72,48,1.66,98
382,Alta Floresta,1578240876,-9.87,-56.08,298.15,298.15,298.15,100,4.1,75
383,Dukat,1578240876,40.25,19.57,282.04,282.04,282.04,53,1.34,0
384,LaBelle,1578240876,26.76,-81.44,287.89,286.48,289.15,44,5.1,1
385,Hasaki,1578240876,35.73,140.83,271.73,270.15,274.15,69,1.5,20
386,Najran,1578240877,17.54,44.22,302.15,302.15,302.15,30,5.1,40
387,Oktyabrskoye,1578240877,56.73,85.44,270.45,269.82,271.15,92,4.0,75
388,Vardo,1578240877,39.62,-77.74,275.37,274.15,276.48,55,6.2,90
389,Kecel,1578240877,46.52,19.25,274.99,274.15,275.37,55,4.1,0
390,Sao Miguel do Araguaia,1578240841,-13.28,-50.16,298.34,298.34,298.34,89,2.99,86
391,Serrinha,1578240877,-11.66,-39.0,301.53,301.53,301.53,61,2.63,100
392,Rio de Janeiro,1578240877,-22.91,-43.21,300.49,299.26,302.15,78,7.2,40
393,Paka,1578240878,4.15,15.03,308.01,308.01,308.01,16,1.77,52
394,Katsuura,1578240878,33.93,134.5,275.07,273.71,277.15,69,3.6,40
395,Los Banos,1578240878,37.06,-120.85,278.87,277.04,280.37,100,3.1,90
396,Khorramabad,1578240836,33.48,48.35,278.15,278.15,278.15,52,2.1,40
397,Corpus Christi,1578240701,27.8,-97.4,288.17,285.15,290.37,82,2.6,1
398,Liwale,1578240878,-9.8,37.92,301.31,301.31,301.31,71,1.87,68
399,Xai-Xai,1578240878,-25.04,33.64,304.79,304.79,304.79,52,5.83,39
400,Nicoya,1578240879,10.15,-85.45,297.46,294.26,303.15,55,13.9,20
401,Itoman,1578240879,26.12,127.67,288.34,285.15,290.15,77,3.6,20
402,Rolla,1578240879,37.95,-91.77,280.4,278.71,282.59,38,4.1,1
403,Salvador,1578240879,-12.98,-38.48,302.15,302.15,302.15,79,7.2,75
404,Umm Kaddadah,1578240879,13.6,26.69,294.96,294.96,294.96,16,7.42,10
405,San Nicolas,1578240879,13.93,120.95,299.58,299.26,300.15,74,4.1,75
406,Tateyama,1578240880,36.66,137.31,274.66,273.71,275.37,77,0.89,58
407,Ormara,1578240880,25.21,64.64,296.33,296.33,296.33,70,3.84,100
408,Saint Anthony,1578240880,43.97,-111.68,263.34,261.15,265.15,85,1.5,90
409,Vila Velha,1578240880,-3.71,-38.6,302.61,301.48,303.15,62,6.2,40
410,Danilov,1578240880,58.19,40.17,273.15,273.15,273.15,95,5.0,90
411,Baoqing,1578240880,46.32,132.2,258.51,258.51,258.51,86,1.98,0
412,Valdivia,1578240881,-39.81,-73.25,289.15,289.15,289.15,63,4.6,90
413,Vila,1578240881,45.18,8.4,281.57,277.04,284.26,40,2.6,0
414,Mabai,1578240881,23.01,104.4,286.8,286.8,286.8,97,1.54,95
415,Jever,1578240881,53.57,7.9,279.66,279.15,280.37,87,4.6,75
416,Sao Felix do Xingu,1578240881,-6.64,-51.99,300.59,300.59,300.59,85,1.92,63
417,Moree,1578240881,-29.46,149.84,304.15,304.15,304.15,25,8.2,14
418,Uniontown,1578240598,39.9,-79.72,271.93,269.26,273.71,80,2.6,90
419,Alyangula,1578240882,-13.85,136.42,299.15,299.15,299.15,88,2.11,88
420,High Level,1578240882,58.52,-117.13,246.15,246.15,246.15,75,1.15,75
421,Karratha,1578240882,-20.74,116.85,302.44,302.44,302.44,75,4.75,100
422,Waipawa,1578240882,-39.94,176.59,285.93,285.93,285.93,79,7.15,2
423,Kyzyl-Suu,1578240882,42.34,78.0,266.12,266.12,266.12,50,2.82,14
424,Khandyga,1578240882,62.65,135.58,249.1,249.1,249.1,98,1.29,100
425,Denia,1578240883,38.84,0.11,287.01,284.82,288.71,79,0.89,0
426,Mitsamiouli,1578240883,-11.38,43.28,303.15,303.15,303.15,74,2.6,75
427,Napasar,1578240883,27.97,73.56,292.35,292.35,292.35,32,2.97,98
428,Marovoay,1578240883,-16.11,46.64,299.15,299.15,299.15,88,2.6,20
429,Novonikolayevskiy,1578240884,50.97,42.37,272.98,272.59,273.15,95,2.69,100
430,Adrar,1578240884,27.87,-0.29,293.15,293.15,293.15,11,5.7,0
431,Praia,1578240884,-20.25,-43.81,300.12,299.15,301.15,61,2.6,75
432,Nauta,1578240884,-4.51,-73.58,304.03,304.03,304.03,52,2.21,100
433,Jumla,1578240884,29.28,82.18,267.6,267.6,267.6,44,2.29,0
434,Mangrol,1578240884,25.33,76.51,288.6,288.6,288.6,47,1.69,0
435,Kisanga,1578240885,-11.72,27.4,296.21,296.21,296.21,90,1.73,100
436,Lompoc,1578240885,34.64,-120.46,282.28,278.15,286.48,87,6.53,1
437,Rome,1578240848,41.89,12.48,284.72,280.93,288.15,30,3.6,0
438,Suntar,1578240885,62.16,117.65,261.18,261.18,261.18,95,2.39,100
439,Izyaslav,1578240885,50.12,26.82,272.45,272.45,272.45,95,7.51,100
440,Xinpu,1578240885,27.63,119.93,285.41,285.41,285.41,98,0.87,100
441,Haag,1578240886,48.11,14.56,272.8,268.15,275.93,74,3.1,75
442,Hoquiam,1578240886,46.98,-123.89,279.96,278.15,281.48,93,7.7,90
443,Vostok,1578240886,46.45,135.83,252.12,252.12,252.12,98,1.9,100
444,Kaspiysk,1578240886,42.88,47.64,278.15,278.15,278.15,86,1.0,90
445,Corinto,1578240886,3.17,-76.26,300.15,300.15,300.15,61,1.5,40
446,Plasencia,1578240886,40.03,-6.09,285.67,283.71,287.04,60,0.45,0
447,Marsh Harbour,1578240886,26.54,-77.06,293.06,293.06,293.06,66,11.27,39
448,Grand Gaube,1578240887,-20.01,57.66,297.09,297.04,297.15,94,4.6,75
449,Parrsboro,1578240887,45.41,-64.33,273.02,272.59,273.71,92,7.7,90
450,Monroe,1578240731,41.91,-83.4,272.8,272.04,273.71,66,4.1,90
451,Aksu,1578240887,52.04,76.93,264.15,264.15,264.15,92,3.0,35
452,Mount Isa,1578240887,-20.73,139.49,303.15,303.15,303.15,55,5.1,90
453,Whitehorse,1578240887,60.72,-135.06,242.9,242.59,243.15,74,1.0,5
454,Kloulklubed,1578240888,7.04,134.26,300.15,300.15,300.15,88,3.6,75
455,Komsomolskiy,1578240888,67.55,63.78,264.52,264.52,264.52,91,8.5,100
456,Pandan,1578240888,11.72,122.09,299.3,299.3,299.3,81,11.03,100
457,Beidao,1578240888,34.57,105.89,273.18,273.18,273.18,81,1.07,93
458,Cesis,1578240888,57.31,25.27,270.37,269.82,270.93,85,1.89,12
459,Labe,1578240888,7.7,8.47,308.96,308.96,308.96,14,1.9,34
460,Port Lincoln,1578240888,-34.72,135.86,288.64,288.64,288.64,80,6.29,71
461,Jinchang,1578240889,38.52,102.19,266.1,266.1,266.1,51,0.25,100
462,Villacarrillo,1578240889,38.12,-3.08,284.82,284.82,284.82,64,1.5,0
463,Ihosy,1578240889,-22.4,46.13,297.45,297.45,297.45,66,5.7,9
464,Reconquista,1578240889,-29.14,-59.64,306.8,306.8,306.8,22,3.24,0
465,Eydhafushi,1578240889,5.1,73.07,301.06,301.06,301.06,79,5.21,32
466,Bonavista,1578240890,48.65,-53.11,272.19,272.19,272.19,88,4.03,67
467,Moramanga,1578240890,-18.95,48.23,293.35,293.35,293.35,94,2.06,80
468,Bijie,1578240890,27.3,105.3,281.46,281.46,281.46,89,1.97,67
469,Sur,1578240890,22.57,59.53,296.7,296.7,296.7,55,8.46,27
470,Mecca,1578240714,21.43,39.83,292.47,292.47,292.47,37,4.98,0
471,Raymond,1578240631,49.47,-112.67,268.15,268.15,268.15,73,4.6,20
472,Palermo,1578240890,2.89,-75.43,303.15,303.15,303.15,58,5.7,20
473,Manzhouli,1578240891,49.6,117.43,256.62,256.62,256.62,95,3.21,100
474,Chuguyevka,1578240891,44.17,133.87,255.83,255.83,255.83,89,0.85,0
475,Phan Thiet,1578240891,10.93,108.1,293.17,293.17,293.17,82,1.04,99
476,Saint-Pierre,1578240891,48.95,4.24,278.91,277.59,280.15,86,2.6,0
477,Constitucion,1578240891,23.99,-104.67,278.07,276.15,279.82,74,1.01,5
478,Dolores,1578240891,-33.53,-58.22,301.48,301.48,301.48,55,2.68,0
479,Tazovskiy,1578240672,67.47,78.7,266.17,266.17,266.17,88,9.4,88
480,Bannu,1578240892,32.99,70.6,281.94,281.94,281.94,75,1.99,100
481,Saint-Joseph,1578240892,43.56,6.97,284.74,279.82,289.15,71,1.5,0
482,Yuci,1578240892,37.68,112.73,271.15,271.15,271.15,86,1.0,90
483,Oranjemund,1578240892,-28.55,16.43,295.09,295.09,295.09,65,7.83,0
484,Aitape,1578240892,-3.15,142.36,301.41,301.41,301.41,81,5.63,98
485,Hualmay,1578240892,-11.1,-77.61,298.79,298.79,298.79,60,3.4,58
486,Pyatnitskoye,1578240894,54.34,35.89,273.15,273.15,273.15,86,2.0,75
487,Macau,1578240894,-5.11,-36.64,300.35,300.35,300.35,74,5.82,100
488,Hobyo,1578240894,5.35,48.53,299.88,299.88,299.88,76,6.19,43
489,Coruripe,1578240894,-10.12,-36.18,300.78,300.78,300.78,72,6.33,100
490,Vestmannaeyjar,1578240895,63.44,-20.27,278.15,278.15,278.15,69,7.7,100
491,Hofn,1578240895,64.25,-15.21,277.15,277.15,277.15,68,7.7,20
492,Agogo,1578240895,6.8,-1.08,311.6,311.6,311.6,13,0.82,6
493,Nueve de Julio,1578240895,-31.67,-68.39,305.2,305.2,305.2,27,5.72,0
494,Raudeberg,1578240896,61.99,5.14,279.69,276.15,282.15,93,9.3,75
495,Bandarbeyla,1578240896,9.49,50.81,298.95,298.95,298.95,79,5.44,0
496,Talnakh,1578240896,69.49,88.39,266.15,266.15,266.15,100,12.0,75
497,Trairi,1578240896,-3.28,-39.27,302.61,302.61,302.61,57,2.06,94
498,Nchelenge,1578240896,-9.35,28.74,299.52,299.52,299.52,61,3.0,25
499,Santa Maria,1578240896,-16.02,-48.01,295.28,294.26,296.15,88,3.1,75
500,Pandamatenga,1578240896,-18.54,25.64,303.36,303.36,303.36,45,2.1,99
501,Rocha,1578240866,-34.48,-54.34,301.95,301.95,301.95,33,3.18,0
502,Victoria,1578240840,5.28,115.24,300.5,299.82,301.15,83,3.1,75
503,Belmonte,1578240897,40.36,-7.35,283.84,278.71,287.04,51,1.8,0
504,Wukari,1578240897,7.87,9.78,307.88,307.88,307.88,12,3.14,4
505,Half Moon Bay,1578240897,37.46,-122.43,278.57,275.15,282.04,93,6.02,1
506,Port Augusta,1578240897,-32.49,137.76,285.37,285.37,285.37,97,0.45,100
507,Henties Bay,1578240897,-22.12,14.28,292.59,292.59,292.59,81,0.89,84
508,Husavik,1578240898,50.56,-96.99,270.12,269.82,270.37,80,6.26,100
509,Berlevag,1578240898,70.86,29.09,269.18,268.15,270.15,85,4.6,75
510,Pahrump,1578240898,36.21,-115.98,275.85,271.15,278.71,86,1.5,1
511,Havelock,1578240687,34.88,-76.9,281.94,280.93,282.59,42,9.8,1
512,Goalpara,1578240898,26.18,90.62,286.66,286.66,286.66,81,2.17,0
513,Enshi,1578240898,30.29,109.48,279.7,279.7,279.7,97,0.28,100
514,Ossora,1578240898,59.24,163.07,261.15,261.15,261.15,95,1.78,93
515,Rosario,1578240899,-34.31,-57.35,302.11,301.15,303.15,58,3.6,75
516,Lysyye Gory,1578240899,51.55,44.84,272.56,272.56,272.56,98,3.95,100
517,Buston,1578240899,40.53,69.33,276.15,276.15,276.15,46,2.0,100
518,Santa Fe,1578240697,-31.62,-60.7,305.15,304.26,306.48,26,2.24,0
519,Xuddur,1578240899,4.12,43.89,305.33,305.33,305.33,31,4.3,35
520,Verkhniy Uslon,1578240899,55.77,48.98,272.15,272.15,272.15,86,3.0,90
521,Vanavara,1578240900,60.35,102.28,258.95,258.95,258.95,95,3.5,100
522,Tromso,1578240900,69.65,18.96,269.0,268.15,270.15,68,4.6,100
523,Hall,1578240900,47.6,14.46,274.45,273.15,275.37,97,2.1,100
524,Port Macquarie,1578240900,-31.43,152.91,294.81,294.15,295.37,88,4.6,75
525,Willmar,1578240627,45.12,-95.04,274.76,273.15,276.15,74,14.4,90
526,Terrace,1578240900,54.52,-128.61,273.15,273.15,273.15,93,9.8,90
527,San Patricio,1578240900,-26.98,-56.83,307.97,307.97,307.97,30,1.88,1
528,Kijang,1578240901,35.24,129.21,274.15,274.15,274.15,74,2.6,2
529,Sechura,1578240902,-5.56,-80.82,295.11,295.11,295.11,84,2.74,28
530,Hambantota,1578240902,6.12,81.12,299.15,299.15,299.15,94,3.1,20
531,Luau,1578240902,-10.7,22.23,299.01,299.01,299.01,69,2.01,100
532,Bereda,1578240902,43.27,-7.54,284.24,282.04,285.37,66,1.0,0
533,Batagay-Alyta,1578240903,67.8,130.41,243.95,243.95,243.95,80,1.88,95
534,Ola,1578240903,59.58,151.3,261.82,261.82,261.82,66,2.89,42
535,Karachi,1578240794,24.87,67.03,293.15,293.15,293.15,77,2.77,0
536,Altoona,1578240649,40.52,-78.39,272.42,270.37,274.26,68,8.2,90
537,Codrington,1578240903,-28.95,153.24,293.79,292.15,296.15,88,1.13,1
538,Taksimo,1578240903,56.36,114.84,251.83,251.83,251.83,94,0.15,96
539,Piacabucu,1578240904,-10.41,-36.43,302.3,302.3,302.3,65,4.99,100
540,Skowhegan,1578240904,44.77,-69.72,272.05,270.37,273.15,86,4.1,90
541,Mahibadhoo,1578240781,3.78,72.97,301.17,301.17,301.17,80,5.47,52
542,Payson,1578240904,40.04,-111.73,271.14,267.04,273.15,85,2.51,75
543,Kidal,1578240904,18.44,1.41,296.16,296.16,296.16,13,4.41,0
544,Surab,1578240904,28.49,66.26,280.4,280.4,280.4,97,3.41,100
545,Puerto Ayacucho,1578240904,5.66,-67.63,303.15,303.15,303.15,58,7.2,0
546,Nanakuli,1578240905,21.39,-158.15,295.84,294.15,297.15,94,1.5,20
547,Cuenca,1578240905,-2.9,-79.0,293.15,293.15,293.15,56,2.6,75
548,Muramatsu,1578240905,37.68,139.18,275.07,274.26,275.93,88,1.22,96
549,Pervomayskoye,1578240906,57.07,86.23,268.91,268.91,268.91,95,3.32,100
550,Wembley,1578240906,55.15,-119.14,256.15,256.15,256.15,84,2.1,75
551,Traverse City,1578240698,44.76,-85.62,272.11,270.37,273.15,79,5.1,90
552,Misratah,1578240906,32.38,15.09,289.25,289.25,289.25,72,12.5,90
553,Ankazoabo,1578240906,-22.29,44.51,297.38,297.38,297.38,75,2.5,83
554,San Vicente,1578240907,-0.59,-80.41,299.15,299.15,299.15,78,1.0,75
555,Archidona,1578240907,-0.91,-77.81,301.15,301.15,301.15,69,1.0,20
556,Merauke,1578240907,-8.49,140.4,298.24,298.24,298.24,95,2.46,100
557,Belaya Gora,1578240907,68.54,146.19,243.42,243.42,243.42,90,0.51,46
558,Hay River,1578240907,60.82,-115.79,246.15,246.15,246.15,75,4.1,20
559,Abancay,1578240908,-13.64,-72.88,290.65,290.65,290.65,56,0.24,10
560,San Borja,1578240908,-14.86,-66.75,302.39,302.39,302.39,73,1.43,100
561,Cabatuan,1578240908,16.95,121.67,294.11,294.11,294.11,87,0.99,100
562,Adygeysk,1578240908,44.88,39.19,277.35,275.93,279.82,72,2.0,100
563,Liverpool,1578240908,53.41,-2.98,282.43,280.93,283.71,87,3.6,40
564,Slavutych,1578240908,51.52,30.76,273.2,273.2,273.2,95,4.18,100
565,Huai Thalaeng,1578240909,15.0,102.65,297.18,297.18,297.18,54,0.46,0
566,Panguna,1578240909,-6.32,155.48,294.89,294.89,294.89,92,1.05,61
567,Lerwick,1578240909,60.15,-1.15,282.65,282.15,283.15,93,9.3,75
568,Sao Lourenco da Mata,1578240909,-8.0,-35.02,302.15,302.15,302.15,66,4.1,40
569,Pasni,1578240909,25.26,63.48,294.67,294.67,294.67,73,3.74,32
570,Miracema do Tocantins,1578240910,-9.56,-48.4,297.8,297.8,297.8,88,1.51,99
571,Kyshtovka,1578240910,56.56,76.62,261.89,261.89,261.89,96,4.02,96
572,Caravelas,1578240910,-17.73,-39.27,304.14,304.14,304.14,57,5.62,92
573,Makakilo City,1578240764,21.35,-158.09,296.0,294.15,297.15,94,6.18,20
574,Homestead,1578240910,25.47,-80.48,290.77,289.15,292.04,39,3.1,20
575,Lodja,1578240910,-3.52,23.6,299.18,299.18,299.18,69,1.84,100
576,Auki,1578240910,12.18,6.51,302.83,302.83,302.83,17,5.21,42
577,Bafra,1578240911,41.57,35.91,280.15,280.15,280.15,56,2.6,40
578,Bayir,1578240911,37.27,28.22,283.15,283.15,283.15,71,4.1,75
579,Ahipara,1578240911,-35.17,173.16,291.48,291.48,291.48,100,0.45,40
