,name,date_time,lat,lon,temp,temp_min,temp_max,humidity,wind_speed,clouds_pecent
0,Vaitape,1577916293,-16.52,-151.75,300.65,300.65,300.65,79,9.28,100
1,Yellowknife,1577916440,62.45,-114.38,259.15,259.15,259.15,92,2.6,90
2,Balkhash,1577916440,46.84,74.98,266.96,266.96,266.96,95,3.14,100
3,Avarua,1577916440,-21.21,-159.78,299.15,299.15,299.15,74,18.0,99
4,Grafton,1577916442,-29.69,152.93,297.5,296.15,298.15,88,0.65,34
5,Qaanaaq,1577916442,77.48,-69.36,236.05,236.05,236.05,90,2.17,100
6,Whitehorse,1577916442,60.72,-135.06,272.15,272.15,272.15,86,9.3,75
7,Albany,1577916442,42.65,-73.75,273.51,270.37,276.15,51,5.7,75
8,Natal,1577916370,-5.81,-35.21,299.64,299.15,300.15,78,3.6,40
9,Hithadhoo,1577916442,-0.6,73.08,301.17,301.17,301.17,79,5.07,40
10,Hobart,1577916443,-42.88,147.33,289.85,286.48,291.15,39,6.7,75
11,Kiunga,1577916443,-6.12,141.3,295.74,295.74,295.74,99,1.84,100
12,Coahuayana,1577916443,18.62,-100.35,307.35,307.35,307.35,28,1.0,0
13,Ossora,1577916443,59.24,163.07,270.52,270.52,270.52,89,6.34,100
14,Ribeira Grande,1577916443,38.52,-28.7,288.15,288.15,288.15,67,6.2,40
15,Sibu,1577916443,2.29,111.83,298.15,298.15,298.15,94,2.1,75
16,Punta Arenas,1577916444,-53.16,-70.91,293.16,292.04,294.15,37,7.7,96
17,Kapaa,1577916444,22.08,-159.32,299.59,299.15,300.15,57,4.6,1
18,Lata,1577916444,30.78,78.62,260.7,260.7,260.7,81,2.98,100
19,Luganville,1577916444,-15.51,167.18,300.15,300.15,300.15,78,1.0,75
20,Iwaki,1577916444,37.05,140.89,272.95,272.04,273.71,76,0.45,0
21,Ushuaia,1577916246,-54.81,-68.31,293.15,293.15,293.15,32,6.2,75
22,Carnarvon,1577916445,-30.97,22.13,294.58,294.58,294.58,21,3.52,0
23,Henties Bay,1577916445,-22.12,14.28,289.82,289.82,289.82,89,0.89,96
24,Maningrida,1577916445,-12.05,134.23,299.5,299.5,299.5,87,1.24,100
25,Katsuura,1577916445,33.93,134.5,275.16,274.15,276.15,81,4.6,20
26,Faanui,1577916445,-16.48,-151.75,300.65,300.65,300.65,79,9.28,100
27,San Carlos,1577916445,11.12,-84.78,296.48,296.48,296.48,61,1.18,12
28,Jamestown,1577916446,-33.21,138.6,291.14,291.14,291.14,41,4.89,0
29,Mapiri,1577916446,-15.31,-68.22,293.01,293.01,293.01,99,0.36,100
30,Pangai,1577916446,-19.8,-174.35,300.15,300.15,300.15,57,7.2,20
31,Airai,1577916446,-8.93,125.41,293.15,293.15,293.15,92,0.58,100
32,Rikitea,1577916446,-23.12,-134.97,299.08,299.08,299.08,80,5.21,100
33,Seddon,1577916446,-37.81,144.89,291.18,289.26,293.15,59,3.1,20
34,Vaini,1577916447,15.34,74.49,289.95,289.95,289.95,84,0.35,0
35,Ponta do Sol,1577916447,-20.63,-46.0,297.63,297.63,297.63,81,1.13,100
36,Zhezkazgan,1577916447,47.8,67.71,263.96,263.96,263.96,91,3.51,32
37,Itarema,1577916447,-2.92,-39.92,299.73,299.73,299.73,76,3.43,2
38,Ardahan,1577916448,41.11,42.7,261.2,261.2,261.2,95,1.25,0
39,Mahebourg,1577916448,-20.41,57.7,298.44,298.15,298.71,94,1.5,20
40,Castro,1577916448,-42.48,-73.76,295.15,295.15,295.15,53,3.6,49
41,San Patricio,1577916448,-26.98,-56.83,305.44,305.44,305.44,42,3.04,82
42,Karratha,1577916448,-20.74,116.85,302.02,302.02,302.02,73,5.38,75
43,Beloha,1577916448,-25.17,45.06,296.08,296.08,296.08,84,5.29,5
44,Honiara,1577916449,-9.43,159.96,298.19,298.19,298.19,86,0.2,17
45,Atuona,1577916449,-9.8,-139.03,299.85,299.85,299.85,76,7.84,32
46,Mataura,1577916449,-46.19,168.86,284.67,284.67,284.67,97,0.33,100
47,Mauriti,1577916449,-7.39,-38.77,302.15,302.15,302.15,54,2.1,40
48,Reconquista,1577916449,-29.14,-59.64,306.25,306.25,306.25,35,6.08,0
49,Christchurch,1577916423,-43.53,172.64,290.81,288.71,293.15,82,2.6,100
50,Bluff,1577916450,-23.58,149.07,297.8,297.8,297.8,78,5.35,3
51,Tautira,1577916450,-17.73,-149.15,303.15,303.15,303.15,70,7.2,75
52,Lufilufi,1577916450,-13.87,-171.6,298.71,298.71,298.71,94,1.34,11
53,Lodja,1577916450,-3.52,23.6,294.71,294.71,294.71,97,0.54,100
54,Kez,1577916450,57.9,53.72,258.04,258.04,258.04,95,1.7,86
55,Te Anau,1577916451,-45.41,167.72,283.52,283.52,283.52,96,2.56,100
56,Tuktoyaktuk,1577916451,69.44,-133.03,253.15,253.15,253.15,70,5.7,90
57,Sao Filipe,1577916451,14.9,-24.5,295.9,295.9,295.9,66,6.85,100
58,Dingle,1577916451,11.0,122.67,295.67,295.67,295.67,93,4.29,46
59,Secunda,1577916451,-26.52,29.2,289.82,289.82,289.82,86,2.04,67
60,Pathein,1577916451,16.78,94.73,295.04,295.04,295.04,70,1.54,0
61,Sistranda,1577916452,63.73,8.83,281.56,280.37,282.59,89,10.8,75
62,Bethel,1577916452,60.79,-161.76,252.47,252.15,253.15,83,10.3,90
63,Osijek,1577916452,45.55,18.69,271.57,271.15,272.04,92,3.1,0
64,Mildura,1577916452,-34.18,142.16,293.45,292.15,294.82,48,3.6,0
65,Saint George,1577916452,39.45,22.34,279.86,279.26,280.15,72,2.1,75
66,Georgetown,1577916341,6.8,-58.16,301.15,301.15,301.15,74,3.1,20
67,Port Alfred,1577916452,-33.59,26.89,293.15,293.15,293.15,88,1.79,69
68,Hermanus,1577916453,-34.42,19.24,292.47,290.93,293.71,89,8.24,0
69,Rome,1577916330,41.89,12.48,278.3,273.71,282.04,56,2.1,0
70,Butaritari,1577916474,3.07,172.79,302.25,302.25,302.25,78,3.96,100
71,Aketi,1577916423,2.74,23.78,297.38,297.38,297.38,46,0.59,100
72,Fortuna,1577916340,40.6,-124.16,285.67,285.15,286.48,100,3.6,90
73,Nouadhibou,1577916474,20.93,-17.03,292.15,292.15,292.15,45,3.1,100
74,Tasiilaq,1577916475,65.61,-37.64,261.15,261.15,261.15,60,11.3,0
75,Miyako,1577916475,33.63,130.94,276.81,274.26,280.15,80,3.6,40
76,Busselton,1577916475,-33.64,115.35,286.63,285.37,288.15,61,2.13,95
77,Nizwa,1577916475,22.93,57.53,289.45,289.45,289.45,53,0.9,61
78,Rosarito,1577916475,4.91,-75.23,294.32,289.15,297.15,100,1.88,75
79,Bellview,1577916475,32.78,-95.7,284.65,283.15,286.15,53,2.6,90
80,Torbay,1577916475,47.66,-52.73,273.96,273.15,274.82,95,12.3,90
81,Muros,1577916476,42.77,-9.06,277.61,274.26,279.82,100,2.6,62
82,Yamada,1577916476,36.58,137.08,277.26,277.04,277.59,93,2.1,75
83,Arraial do Cabo,1577916476,-22.97,-42.02,299.67,299.15,300.15,78,9.8,100
84,Walvis Bay,1577916476,-22.95,14.51,289.99,289.82,290.15,77,2.1,90
85,Khatanga,1577916476,71.98,102.47,252.45,252.45,252.45,77,2.76,0
86,Port Macquarie,1577916476,-31.43,152.91,298.29,296.15,300.37,78,4.6,90
87,Aklavik,1577916476,68.22,-135.01,251.15,251.15,251.15,76,3.1,90
88,San Cristobal,1577916477,14.68,-86.92,300.4,300.4,300.4,40,2.5,67
89,Mehamn,1577916477,71.03,27.85,269.29,268.15,271.15,74,5.7,75
90,Bukachacha,1577916477,52.99,116.91,245.98,245.98,245.98,87,1.01,0
91,Mosterhamn,1577916478,59.7,5.38,279.99,279.82,280.37,87,7.2,100
92,Ilulissat,1577916478,69.22,-51.1,260.15,260.15,260.15,50,3.1,87
93,Sitka,1577916478,37.17,-99.65,287.04,287.04,287.04,32,3.13,0
94,Cherskiy,1577916478,68.75,161.3,250.02,250.02,250.02,71,4.53,100
95,Pisco,1577916478,-13.71,-76.2,295.56,295.15,295.93,30,7.2,77
96,Nelson Bay,1577916478,-32.72,152.14,293.28,292.59,294.26,88,6.2,90
97,Nome,1577916478,30.04,-94.42,287.34,285.93,289.15,67,1.5,90
98,Clonakilty,1577916479,51.62,-8.87,280.96,280.15,281.48,93,7.7,75
99,Hilo,1577916479,19.71,-155.08,295.67,286.48,300.15,57,4.6,75
100,Naze,1577916479,5.43,7.07,295.15,295.15,295.15,83,1.12,80
101,Netarhat,1577916479,23.45,84.31,284.11,284.11,284.11,76,2.33,100
102,Nikolskoye,1577916479,59.7,30.79,276.0,275.93,276.15,93,6.0,90
103,Saint-Philippe,1577916480,45.36,-73.48,273.2,272.59,273.71,86,5.7,75
104,Katherine,1577916480,-14.47,132.26,302.15,302.15,302.15,70,0.5,100
105,Fairbanks,1577916322,64.84,-147.72,254.63,254.15,255.15,77,4.1,90
106,Cabo San Lucas,1577916480,22.89,-109.91,294.23,292.04,295.93,56,4.6,40
107,Severo-Kurilsk,1577916480,50.68,156.12,261.95,261.95,261.95,73,1.5,30
108,Uchiza,1577916480,-8.46,-76.46,296.63,296.63,296.63,89,0.41,100
109,Shijak,1577916481,41.34,19.57,271.15,271.15,271.15,74,1.0,67
110,Santa Rosa,1577916481,-36.62,-64.29,303.89,303.89,303.89,29,6.95,0
111,Bredasdorp,1577916481,-34.53,20.04,291.51,290.93,292.15,88,1.5,69
112,East London,1577916214,-33.02,27.91,294.62,294.62,294.62,86,6.55,95
113,Chuy,1577916481,-33.69,-53.46,294.46,294.46,294.46,78,6.55,56
114,Swellendam,1577916481,-34.02,20.44,292.15,292.15,292.15,88,1.5,92
115,Lebu,1577916482,8.96,38.73,285.98,285.98,285.98,78,1.06,42
116,Zyryanka,1577916482,65.73,150.89,247.8,247.8,247.8,96,1.75,100
117,Kamen-na-Obi,1577916482,53.79,81.35,269.36,269.36,269.36,91,7.97,100
118,Buy,1577916483,58.48,41.53,265.13,265.13,265.13,96,2.33,31
119,Port Hardy,1577916483,50.7,-127.42,279.15,279.15,279.15,81,4.1,75
120,Sao Joao da Barra,1577916483,-21.64,-41.05,300.15,300.15,300.15,74,10.3,40
121,Mar del Plata,1577916483,-46.43,-67.52,292.1,292.1,292.1,64,5.66,100
122,Sorland,1577916483,67.67,12.69,279.15,279.15,279.15,81,19.5,75
123,Taoudenni,1577916483,22.68,-3.98,285.55,285.55,285.55,18,6.48,0
124,Komsomolskiy,1577916484,67.55,63.78,259.93,259.93,259.93,94,6.41,100
125,Victoria,1577916241,5.28,115.24,299.44,298.71,300.15,83,1.0,75
126,Gravelbourg,1577916484,49.88,-106.56,270.6,270.6,270.6,93,2.87,88
127,Lasa,1577916484,34.92,32.53,282.43,280.93,283.15,87,4.1,75
128,Paraiso,1577916484,-0.03,-51.17,299.15,299.15,299.15,100,1.5,40
129,Portland,1577916436,43.66,-70.25,273.71,271.48,275.93,64,1.5,1
130,Jacareacanga,1577916484,-6.22,-57.76,298.15,298.15,298.15,88,1.0,90
131,Geraldton,1577916485,49.72,-86.95,265.15,265.15,265.15,85,2.6,90
132,Igra,1577916485,57.55,53.1,267.04,267.04,267.04,91,0.89,96
133,Coquimbo,1577916485,-29.95,-71.34,291.15,291.15,291.15,72,5.7,20
134,Santa Cruz,1577916485,-6.22,-36.02,300.55,300.55,300.55,64,4.71,99
135,Jalu,1577916485,29.03,21.55,281.62,281.62,281.62,73,4.71,59
136,Charlottesville,1577916472,38.03,-78.48,281.45,278.71,284.15,31,1.5,1
137,Khandbari,1577916485,27.38,87.21,274.42,274.42,274.42,39,1.85,99
138,Keetmanshoop,1577916485,-26.57,18.15,301.15,301.15,301.15,17,5.7,0
139,Vardo,1577916486,39.62,-77.74,278.79,277.04,280.37,38,5.1,1
140,Tulsipur,1577916486,27.53,82.41,286.69,286.69,286.69,67,0.84,100
141,Dagana,1577916486,16.52,-15.51,296.15,296.15,296.15,28,4.55,98
142,Ubinskoye,1577916486,55.31,79.68,269.77,269.77,269.77,93,6.75,100
143,Perth,1577915993,-31.95,115.86,290.28,288.71,292.04,72,6.7,20
144,Brainerd,1577916487,46.36,-94.2,270.16,269.15,271.15,68,4.1,90
145,Sinnamary,1577916487,5.38,-52.96,299.63,299.63,299.63,73,5.57,18
146,Kirakira,1577916487,-10.46,161.92,299.65,299.65,299.65,76,1.55,2
147,Upernavik,1577916487,72.79,-56.15,246.21,246.21,246.21,91,3.82,99
148,Ust-Tsilma,1577916487,65.44,52.15,259.71,259.71,259.71,95,2.43,60
149,Talnakh,1577916488,69.49,88.39,255.15,255.15,255.15,77,11.0,40
150,Cape Town,1577916482,-33.93,18.42,292.53,292.04,293.15,88,8.7,20
151,Tezu,1577916509,27.93,96.16,287.12,287.12,287.12,54,1.08,100
152,Wangqing,1577916509,43.31,129.76,254.23,254.23,254.23,72,1.19,31
153,Aksarka,1577916509,66.56,67.8,255.39,255.39,255.39,88,4.43,19
154,Hami,1577916509,42.84,93.51,265.61,265.61,265.61,55,2.04,100
155,Oistins,1577916510,13.07,-59.53,299.15,299.15,299.15,74,7.7,40
156,Miandrivazo,1577916510,-19.53,45.46,298.44,298.44,298.44,85,2.57,100
157,Necochea,1577916510,-38.55,-58.74,289.26,289.26,289.26,1,4.02,11
158,Venice,1577916425,27.1,-82.45,295.05,292.59,298.15,52,1.5,1
159,Cayhagan,1577916511,9.67,122.43,298.45,298.45,298.45,78,6.88,57
160,Provideniya,1577916511,64.42,-173.23,242.13,242.13,242.13,89,3.23,0
161,Port Elizabeth,1577916532,39.31,-74.98,277.69,274.82,280.37,59,1.5,1
162,Beroroha,1577916532,-21.68,45.17,297.39,297.39,297.39,90,0.74,21
163,Los Llanos de Aridane,1577916532,28.66,-17.92,290.47,289.82,291.15,45,3.6,100
164,Verkhnyaya Inta,1577916533,65.99,60.32,261.38,261.38,261.38,93,7.14,100
165,Barrow,1577916533,-38.31,-60.23,294.46,294.46,294.46,54,5.6,0
166,Mantua,1577916533,45.16,10.79,275.36,272.59,277.59,86,3.1,0
167,Sinegorsk,1577916533,44.77,38.34,276.48,276.48,276.48,76,0.45,91
168,Sioux Lookout,1577916533,50.1,-91.92,265.15,265.15,265.15,78,3.1,75
169,Zaraza,1577916533,9.35,-65.33,303.19,303.19,303.19,54,2.04,100
170,Taksimo,1577916534,56.36,114.84,244.22,244.22,244.22,87,0.5,18
171,Waipawa,1577916534,-39.94,176.59,294.26,294.26,294.26,62,4.92,78
172,Dikson,1577916534,73.51,80.55,255.86,255.86,255.86,91,11.46,100
173,Jumla,1577916535,29.28,82.18,269.38,269.38,269.38,51,1.0,100
174,Namibe,1577916535,-15.19,12.15,295.81,295.81,295.81,83,3.54,100
175,Ayan,1577916535,38.23,44.7,263.23,263.23,263.23,79,4.46,1
176,Bathsheba,1577916535,13.22,-59.52,299.15,299.15,299.15,74,7.7,40
177,Faya,1577916535,18.39,42.45,287.19,286.15,288.15,71,4.1,0
178,Anloga,1577916535,5.79,0.9,298.15,298.15,298.15,73,1.5,80
179,Luderitz,1577916535,-26.65,15.16,293.15,293.15,293.15,72,7.7,0
180,Lazaro Cardenas,1577916536,28.39,-105.62,286.22,285.15,287.04,34,4.1,75
181,Kuopio,1577916536,62.89,27.68,276.15,276.15,276.15,86,6.2,100
182,Thompson,1577916536,55.74,-97.86,259.15,259.15,259.15,84,3.6,90
183,Todos Santos,1577916536,23.45,-110.23,293.85,292.04,295.93,52,3.6,75
184,Narsaq,1577916537,60.91,-46.05,260.15,260.15,260.15,55,2.1,4
185,Belmonte,1577916537,40.36,-7.35,277.58,273.71,280.37,12,0.45,11
186,Port Augusta,1577916537,-32.49,137.76,296.48,296.48,296.48,38,0.45,0
187,Daru,1577916537,-9.07,143.21,298.63,298.63,298.63,85,0.42,86
188,Bansi,1577916537,27.18,82.93,285.94,285.94,285.94,75,1.09,100
189,Padra,1577916537,22.24,73.09,289.93,289.93,289.93,58,1.9,90
190,Vila Franca do Campo,1577916538,37.72,-25.43,287.15,287.15,287.15,76,5.1,40
191,Hofn,1577916538,64.25,-15.21,277.63,277.63,277.63,89,12.89,100
192,Hemsedal,1577916559,60.86,8.55,275.54,274.26,277.59,77,4.92,100
193,Chokurdakh,1577916559,70.62,147.9,248.01,248.01,248.01,98,1.79,100
194,Puerto Ayora,1577916559,-0.74,-90.35,299.62,297.59,301.15,65,3.6,75
195,Banda Aceh,1577916559,5.56,95.32,294.9,294.9,294.9,79,2.77,35
196,Balugaon,1577916559,19.75,85.21,294.01,294.01,294.01,62,1.8,96
197,Fukue,1577916559,35.03,136.69,278.4,277.59,281.15,61,8.2,75
198,Lorengau,1577916560,-2.02,147.27,301.68,301.68,301.68,77,2.89,100
199,Ada,1577916560,34.77,-96.68,285.45,284.15,287.15,49,7.7,1
200,Takoradi,1577916560,4.89,-1.75,300.81,300.81,300.81,73,3.2,2
201,Santa Cruz del Sur,1577916560,20.71,-78.0,300.65,300.65,300.65,69,2.03,99
202,Kodiak,1577916563,39.95,-94.76,286.13,285.93,286.48,43,9.3,1
203,Chumikan,1577916563,54.72,135.31,253.04,253.04,253.04,66,9.69,100
204,Soe,1577916563,57.91,26.05,276.87,276.48,277.15,80,6.7,90
205,Martapura,1577916564,-3.41,114.85,298.15,298.15,298.15,100,1.0,75
206,Taguatinga,1577916564,-15.83,-48.06,297.1,295.93,298.15,69,1.5,75
207,Port Hedland,1577916564,-20.31,118.58,302.15,302.15,302.15,83,4.1,75
208,Bulolo,1577916564,-7.2,146.64,292.82,292.82,292.82,99,0.62,100
209,Warrnambool,1577916565,-38.38,142.48,287.59,287.59,287.59,96,3.69,1
210,Macapa,1577916565,0.05,-51.07,299.15,299.15,299.15,100,1.5,40
211,Nabire,1577916565,-3.36,135.5,295.4,295.4,295.4,94,0.89,100
212,Lishui,1577916565,28.45,119.91,278.57,278.57,278.57,88,1.22,98
213,Amot,1577916566,59.57,7.99,270.93,270.93,270.93,92,1.75,27
214,Elko,1577916566,40.83,-115.76,276.77,275.93,277.59,80,3.6,90
215,Darhan,1577916566,49.49,105.92,253.45,253.45,253.45,79,1.9,81
216,Praia da Vitoria,1577916566,38.73,-27.07,286.15,286.15,286.15,93,8.27,40
217,Buluang,1577916566,10.47,123.98,300.15,300.15,300.15,78,5.7,75
218,Bilibino,1577916566,68.06,166.44,245.15,245.15,245.15,71,2.35,98
219,Kasongo,1577916566,-4.43,26.67,295.77,295.77,295.77,91,0.76,100
220,Chapleau,1577916567,47.85,-83.4,268.15,268.15,268.15,85,4.1,75
221,Champerico,1577916567,16.38,-93.6,305.15,305.15,305.15,38,4.1,5
222,Kundiawa,1577916567,-6.02,144.97,287.01,287.01,287.01,96,0.1,100
223,Buraydah,1577916567,26.33,43.97,286.15,286.15,286.15,50,3.1,100
224,Vestmannaeyjar,1577916567,63.44,-20.27,276.21,276.21,276.21,65,15.4,100
225,Broome,1577916567,52.47,1.45,277.85,277.04,279.15,86,2.6,0
226,Sedniv,1577916568,51.64,31.56,271.29,271.29,271.29,93,4.61,9
227,Tuatapere,1577916568,-46.13,167.69,286.15,286.15,286.15,79,0.19,100
228,Vryburg,1577916569,-26.96,24.73,295.04,295.04,295.04,66,6.65,68
229,Rovaniemi,1577916569,66.5,25.72,273.15,273.15,273.15,89,7.2,40
230,Iquique,1577916395,-20.22,-70.14,297.15,297.15,297.15,57,3.6,39
231,Kryvyy Rih,1577916570,47.92,33.35,273.15,273.15,273.15,75,6.0,90
232,Viseu,1577916570,40.66,-7.91,278.94,273.71,283.15,78,0.94,7
233,Lindi,1577916570,-10.0,39.71,296.58,296.58,296.58,98,1.84,100
234,Tilichiki,1577916570,60.47,166.1,254.05,254.05,254.05,84,3.97,100
235,Mayumba,1577916570,-3.44,10.65,300.82,300.82,300.82,85,3.02,100
236,Pacifica,1577916570,37.61,-122.49,288.08,285.37,291.15,82,9.33,75
237,Codrington,1577916570,-28.95,153.24,298.07,296.15,299.26,78,2.1,6
238,Teteven,1577916571,42.92,24.26,272.44,270.37,274.15,74,2.1,5
239,Barao de Melgaco,1577916571,-16.19,-55.97,299.15,299.15,299.15,74,2.6,75
240,Kefalos,1577916571,36.75,26.96,282.15,282.15,282.15,76,6.7,40
241,Husavik,1577916572,50.56,-96.99,270.12,269.82,270.37,85,2.18,100
242,Scarborough,1577916519,54.28,-0.41,277.2,276.15,278.71,100,4.1,1
243,Burnie,1577916573,-41.05,145.91,290.93,290.93,290.93,61,1.79,65
244,Mangai,1577916573,-4.07,19.59,296.83,296.83,296.83,84,0.77,100
245,Hirara,1577916573,24.8,125.28,288.15,288.15,288.15,82,2.1,40
246,Santo Domingo,1577916360,18.48,-69.94,299.87,299.15,300.37,88,2.1,75
247,Pasighat,1577916574,28.06,95.33,288.71,288.71,288.71,69,1.3,99
248,Richards Bay,1577916574,-28.77,32.06,298.33,298.33,298.33,84,3.73,100
249,Alice Springs,1577916574,-23.7,133.88,300.15,300.15,300.15,15,2.6,0
250,Buta,1577916574,2.79,24.73,297.15,297.15,297.15,46,0.76,100
251,Souillac,1577916574,45.6,-0.6,281.91,281.15,282.59,100,4.6,90
252,Tura,1577916574,64.27,100.22,247.49,247.49,247.49,96,2.82,86
253,Hasaki,1577916574,35.73,140.83,269.59,268.15,270.93,100,0.5,20
254,Nanortalik,1577916575,60.14,-45.24,269.68,269.68,269.68,57,9.12,0
255,Yar-Sale,1577916575,66.83,70.83,253.71,253.71,253.71,90,4.36,21
256,Pelotas,1577916366,-31.77,-52.34,296.25,295.37,297.15,83,6.2,90
257,Sabya,1577916576,17.15,42.62,300.15,300.15,300.15,78,1.5,20
258,Yerbogachen,1577916576,61.28,108.01,249.75,249.75,249.75,98,2.57,60
259,Corcoran,1577916576,36.1,-119.56,287.32,285.15,289.26,76,2.1,1
260,Nanakuli,1577916577,21.39,-158.15,298.93,297.15,300.15,61,1.5,75
261,Belaya Gora,1577916577,68.54,146.19,243.28,243.28,243.28,97,2.01,100
262,Hay River,1577916577,60.82,-115.79,259.15,259.15,259.15,84,2.1,90
263,Broken Hill,1577916577,-31.97,141.45,293.15,293.15,293.15,30,4.1,1
264,Roald,1577916577,62.58,6.12,279.6,278.15,281.15,81,11.3,75
265,Touros,1577916578,-5.2,-35.46,299.15,299.15,299.15,83,3.1,98
266,Port Lincoln,1577916578,-34.72,135.86,291.15,291.15,291.15,75,4.83,0
267,Sol-Iletsk,1577916578,51.16,55.0,272.73,272.73,272.73,98,6.15,100
268,Saint-Joseph,1577916578,43.56,6.97,277.64,272.59,281.48,93,2.1,0
269,Puro,1577916578,13.13,123.76,298.4,298.4,298.4,87,6.69,90
270,New Norfolk,1577916579,-42.78,147.06,289.61,286.48,291.15,39,6.7,75
271,Tumarbong,1577916579,10.38,119.46,297.67,297.67,297.67,88,2.76,40
272,Tromso,1577916579,69.65,18.96,274.23,272.04,276.15,86,7.2,75
273,Alofi,1577916347,-19.06,-169.92,300.15,300.15,300.15,69,6.2,0
274,Agen,1577916579,44.2,0.62,279.69,277.59,280.93,87,1.5,90
275,Vilyuysk,1577916580,63.75,121.63,237.04,237.04,237.04,95,1.72,91
276,Barcelos,1577916472,-0.97,-62.93,303.71,303.71,303.71,60,0.89,43
277,Bubaque,1577916580,11.28,-15.83,299.88,299.88,299.88,62,5.25,0
278,Saskylakh,1577916580,71.97,114.09,248.17,248.17,248.17,82,6.2,0
279,Nosy Varika,1577916581,-20.58,48.53,297.56,297.56,297.56,88,1.11,60
280,Adiake,1577916581,5.29,-3.3,299.15,299.15,299.15,94,0.5,20
281,Biltine,1577916581,14.53,20.93,289.94,289.94,289.94,24,3.09,0
282,Terney,1577916581,45.05,136.61,256.4,256.4,256.4,63,3.51,0
283,Matagami,1577916581,9.67,8.4,292.18,292.18,292.18,26,3.43,2
284,Nyurba,1577916582,63.29,118.35,239.41,239.41,239.41,96,0.96,87
285,Holme,1577916582,56.11,10.17,276.52,275.37,278.15,93,4.6,47
286,Goure,1577916582,13.98,10.27,286.48,286.48,286.48,26,6.26,0
287,Haines Junction,1577916582,60.75,-137.51,266.11,266.11,266.11,93,5.01,100
288,Pangnirtung,1577916582,66.15,-65.72,256.15,256.15,256.15,64,1.0,90
289,Falmouth,1577916583,50.16,-5.07,281.47,279.82,284.82,81,4.1,17
290,Kavieng,1577916583,-2.57,150.8,301.93,301.93,301.93,73,2.7,100
291,Ancud,1577916583,-41.87,-73.83,295.15,295.15,295.15,53,3.6,35
292,Lagoa,1577916583,37.14,-8.45,284.42,283.71,285.37,87,3.6,1
293,Upington,1577916583,-28.46,21.24,302.15,302.15,302.15,9,3.1,0
294,Jiuquan,1577916583,39.73,98.49,265.14,265.14,265.14,38,2.02,18
295,Longyearbyen,1577916583,78.22,15.63,260.15,260.15,260.15,71,2.1,75
296,Iranshahr,1577916584,27.21,60.69,288.15,288.15,288.15,51,2.1,77
297,Turka,1577916584,52.95,108.22,261.4,261.4,261.4,84,3.12,5
298,Arman,1577916584,59.7,150.17,265.14,265.14,265.14,81,15.07,100
299,Nayoro,1577916584,44.36,142.46,263.43,263.43,263.43,91,6.86,100
300,Sydney,1577915994,-33.85,151.22,294.1,292.59,295.37,77,5.1,75
301,Phetchaburi,1577916585,13.1,99.94,294.82,294.82,294.82,77,3.86,100
302,Sinazongwe,1577916585,-17.26,27.46,300.52,300.52,300.52,72,1.27,100
303,Sarangani,1577916585,5.4,125.46,301.15,301.15,301.15,70,4.72,100
304,Pekan,1577916585,3.49,103.39,297.07,297.04,297.15,94,2.6,40
305,Elk City,1577916586,35.41,-99.4,284.42,284.15,285.15,34,10.3,1
306,Mount Gambier,1577916530,-37.83,140.78,287.15,287.15,287.15,93,1.0,90
307,Tupik,1577916586,54.43,119.94,244.47,244.47,244.47,85,0.94,0
308,Salinopolis,1577916586,-0.61,-47.36,300.38,300.38,300.38,81,7.91,84
309,Kalmunai,1577916586,7.42,81.82,300.86,300.86,300.86,78,4.58,16
310,Vanderhoof,1577916586,54.02,-124.02,274.27,274.27,274.27,100,0.87,99
311,Porto Novo,1577916586,-23.68,-45.44,298.15,298.15,298.15,65,6.2,75
312,Comodoro Rivadavia,1577916587,-45.87,-67.48,295.15,295.15,295.15,64,4.1,59
313,Bridge of Earn,1577916587,56.35,-3.4,278.9,278.15,279.26,81,6.7,75
314,Cidreira,1577916587,-30.17,-50.22,298.35,298.35,298.35,88,7.83,16
315,Kaitangata,1577916608,-46.28,169.85,283.83,283.83,283.83,90,1.95,100
316,Esperantina,1577916608,-3.89,-42.23,302.25,302.25,302.25,57,1.36,33
317,Huarmey,1577916609,-10.07,-78.15,300.17,300.17,300.17,50,3.67,49
318,Malartic,1577916609,48.14,-78.13,266.06,265.15,267.15,85,3.6,90
319,Esperance,1577916610,-33.86,121.89,291.15,291.15,291.15,100,2.6,90
320,Mount Isa,1577916610,-20.73,139.49,302.45,302.45,302.45,57,5.42,71
321,Nazret,1577916490,8.55,39.27,291.54,291.54,291.54,67,1.12,0
322,Baijiantan,1577916611,45.63,85.18,263.54,263.54,263.54,93,0.72,69
323,Afrikanda,1577916611,67.44,32.78,262.02,262.02,262.02,92,5.25,100
324,Norman Wells,1577916611,65.28,-126.83,249.15,249.15,249.15,83,4.6,40
325,Ketchikan,1577916611,55.34,-131.65,276.15,276.15,276.15,74,2.6,40
326,Predivinsk,1577916611,57.07,93.44,268.24,268.24,268.24,93,5.07,100
327,Turukhansk,1577916611,65.8,87.96,257.23,257.23,257.23,93,5.46,100
328,Karavayevo,1577916611,55.29,37.97,271.52,270.93,272.59,86,5.0,75
329,Isangel,1577916612,-19.55,169.27,300.15,300.15,300.15,61,3.1,20
330,Fairfield,1577916391,38.25,-122.04,288.91,285.37,292.04,63,4.6,20
331,Puerto Escondido,1577916612,15.86,-97.07,302.15,302.15,302.15,70,4.1,40
332,Monte Alegre,1577916612,-2.0,-54.07,302.56,302.56,302.56,61,2.15,92
333,Brae,1577916612,60.4,-1.35,281.15,281.15,281.15,87,12.9,100
334,Oksfjord,1577916612,70.24,22.35,267.97,266.48,271.15,85,10.3,90
335,Coffs Harbour,1577916612,-30.3,153.13,298.12,296.15,299.26,65,2.1,9
336,Ambilobe,1577916613,-13.19,49.05,298.46,298.46,298.46,88,2.2,100
337,La Orilla,1577916613,18.0,-102.23,301.18,301.18,301.18,63,3.75,0
338,Gazanjyk,1577916606,39.24,55.52,277.65,277.65,277.65,72,1.46,0
339,Pacific Grove,1577916343,36.62,-121.92,287.53,285.37,289.82,82,4.6,90
340,Yanam,1577916613,16.73,82.22,296.15,296.15,296.15,89,2.83,48
341,Atar,1577916613,20.52,-13.05,289.19,289.19,289.19,14,7.03,100
342,Padang,1577916613,-0.92,100.36,294.12,294.12,294.12,78,2.71,99
343,Galveston,1577916614,40.58,-86.19,279.02,277.59,280.37,56,6.7,1
344,Sola,1577916614,-3.17,33.8,292.55,292.55,292.55,80,1.91,49
345,Tafresh,1577916614,34.69,50.01,273.65,273.65,273.65,82,5.06,85
346,Pevek,1577916614,69.7,170.27,243.06,243.06,243.06,96,3.96,0
347,Tralee,1577916614,37.56,-81.4,277.92,274.26,281.15,60,3.6,1
348,Kambarka,1577916614,56.27,54.19,264.49,264.49,264.49,95,2.7,100
349,Ewa Beach,1577916614,21.32,-158.01,298.93,297.15,300.15,54,3.6,1
350,Esso,1577916615,55.93,158.7,265.88,265.88,265.88,95,4.98,100
351,Jaisalmer,1577916615,26.91,70.91,285.08,285.08,285.08,28,5.29,0
352,Camocim,1577916615,-2.9,-40.84,299.37,299.37,299.37,77,3.67,3
353,Senneterre,1577916615,48.39,-77.24,267.15,267.15,267.15,85,3.6,90
354,Port Hueneme,1577916616,34.15,-119.2,291.18,289.15,293.15,63,3.1,1
355,Kavaratti,1577916616,10.57,72.64,300.9,300.9,300.9,70,2.42,24
356,Jinchang,1577916616,38.52,102.19,264.9,264.9,264.9,46,3.15,0
357,Hambantota,1577916616,6.12,81.12,297.15,297.15,297.15,100,1.5,5
358,Sabang,1577916616,13.8,121.11,298.71,298.71,298.71,88,2.68,6
359,Mozarlandia,1577916616,-14.74,-50.57,301.33,301.33,301.33,79,3.05,100
360,Lompoc,1577916617,34.64,-120.46,291.28,289.15,293.71,45,5.7,1
361,Namikupa,1577916617,-10.84,39.63,296.75,296.75,296.75,97,1.57,99
362,College,1577916617,64.86,-147.8,254.51,254.15,255.15,77,4.1,90
363,Manyana,1577916617,-35.26,150.51,291.55,284.82,294.82,77,1.67,90
364,Yucca Valley,1577916617,34.12,-116.41,286.65,280.93,292.59,26,3.1,1
365,Marrakesh,1577916618,31.63,-7.99,286.15,286.15,286.15,47,3.1,0
366,Nizhnevartovsk,1577916618,60.93,76.58,261.15,261.15,261.15,92,3.0,90
367,Muroto,1577916618,33.37,134.14,275.15,275.15,275.15,80,5.7,20
368,Caxias,1577916618,-4.87,-43.35,302.15,302.15,302.15,66,5.7,75
369,Camacha,1577916618,33.08,-16.33,291.15,291.15,291.15,72,4.6,20
370,Izhmorskiy,1577916618,56.19,86.64,267.8,267.8,267.8,92,6.49,100
371,Tchollire,1577916619,8.4,14.17,295.2,295.2,295.2,30,1.95,48
372,San Quintin,1577916619,17.54,120.52,295.1,295.1,295.1,79,3.15,0
373,Leh,1577916619,34.16,77.58,254.73,254.73,254.73,51,0.99,53
374,Mopti,1577916619,14.49,-4.19,295.15,295.15,295.15,12,4.1,13
375,Yumen,1577916619,40.29,97.04,264.27,264.27,264.27,66,3.86,58
376,Caravelas,1577916619,-17.73,-39.27,298.74,298.74,298.74,79,4.66,5
377,Vigrestad,1577916620,58.57,5.7,278.53,277.59,279.26,93,5.1,75
378,Matara,1577916620,-3.48,29.48,288.08,288.08,288.08,89,1.21,100
379,Cap Malheureux,1577916595,-19.98,57.61,298.37,298.15,298.71,94,1.5,20
380,North Royalton,1577916522,41.31,-81.72,275.27,273.71,276.48,64,5.1,1
381,Bambous Virieux,1577916620,-20.34,57.76,298.42,298.15,298.71,94,1.5,20
382,Rio Grande,1577916575,-32.03,-52.1,296.25,295.37,297.15,83,6.2,90
383,Dunedin,1577916487,-45.87,170.5,285.93,285.93,285.93,95,2.63,100
384,Constitucion,1577916621,23.99,-104.67,279.97,279.82,280.15,100,4.6,90
385,Vao,1577916621,59.1,26.19,274.21,274.21,274.21,92,4.07,50
386,Jijiang,1577916621,29.8,120.61,281.15,281.15,281.15,93,1.0,40
387,Khandyga,1577916622,62.65,135.58,238.8,238.8,238.8,96,0.42,100
388,Maniitsoq,1577916622,65.42,-52.9,263.96,263.96,263.96,85,5.5,100
389,Moose Factory,1577916622,51.26,-80.61,263.15,263.15,263.15,85,3.1,90
390,Baiyin,1577916622,36.55,104.13,265.35,262.15,269.26,92,3.0,0
391,Imbituba,1577916330,-28.24,-48.67,298.15,298.15,298.15,94,5.7,75
392,Tiarei,1577916622,-17.53,-149.33,303.15,303.15,303.15,70,7.2,75
393,Hanyang,1577916622,32.14,105.51,280.37,280.37,280.37,88,0.95,91
394,Sochi,1577916494,43.6,39.73,277.08,277.04,277.15,93,3.0,90
395,Petropavlovsk-Kamchatskiy,1577916623,53.05,158.65,265.15,265.15,265.15,85,1.0,82
396,Saldanha,1577916623,41.42,-6.55,277.24,277.24,277.24,67,0.6,18
397,Peterhead,1577916624,-34.83,138.5,292.16,290.37,294.26,59,2.39,0
398,Zhigansk,1577916624,66.77,123.37,236.5,236.5,236.5,93,2.98,0
399,Trinidad,1577916624,-14.83,-64.9,298.15,298.15,298.15,100,1.5,90
400,Birjand,1577916624,32.86,59.22,277.15,277.15,277.15,69,2.1,20
401,Norfolk,1577916092,36.85,-76.29,283.97,282.59,285.37,40,3.1,1
402,Virginia Beach,1577916413,36.85,-75.98,283.72,282.04,285.37,45,2.6,1
403,Kontagora,1577916627,10.4,5.47,295.6,295.6,295.6,18,4.81,0
404,Bull Savanna,1577916627,17.89,-77.59,299.44,299.44,299.44,67,2.35,16
405,San Pietro Vernotico,1577916627,40.49,18.0,282.65,280.15,285.15,50,7.7,67
406,Ambon,1577916627,47.55,-2.56,282.68,282.04,283.15,100,1.5,90
407,Vila Velha,1577916627,-3.71,-38.6,300.0,299.82,300.15,78,4.6,99
408,Maputo,1577916627,-25.97,32.57,299.99,299.82,300.15,78,3.6,40
409,Salvador,1577916628,-12.98,-38.48,300.15,300.15,300.15,78,6.7,75
410,Bonthe,1577916628,7.53,-12.5,299.31,299.31,299.31,77,3.9,36
411,Tecoanapa,1577916628,16.99,-99.26,303.15,303.15,303.15,62,3.1,20
412,Mitsamiouli,1577916629,-11.38,43.28,301.15,301.15,301.15,83,2.6,40
413,La Ronge,1577916629,55.1,-105.3,268.15,268.15,268.15,85,1.41,90
414,Micoud,1577916630,13.82,-60.9,300.36,298.71,301.15,69,5.7,20
415,Aasiaat,1577916630,68.71,-52.87,256.62,256.62,256.62,91,2.22,100
416,Gushikawa,1577916630,26.35,127.87,289.02,288.15,290.15,63,2.6,75
417,Kuytun,1577916630,54.34,101.51,258.06,258.06,258.06,95,1.79,100
418,Kiruna,1577916630,67.86,20.23,276.15,276.15,276.15,74,8.7,84
419,Poum,1577916631,41.28,20.71,269.63,269.63,269.63,76,2.19,0
420,Beliator,1577916631,23.33,87.22,290.73,290.73,290.73,69,3.2,100
421,Puerto Leguizamo,1577916631,-0.19,-74.78,304.87,304.87,304.87,42,2.51,47
422,Grindavik,1577916631,63.84,-22.43,272.75,272.15,273.15,86,6.7,75
423,North Platte,1577916631,41.12,-100.77,280.32,279.82,281.15,86,5.1,20
424,Bonfim,1577916632,3.36,-59.84,306.29,306.29,306.29,35,7.15,60
425,Grand-Santi,1577916632,4.27,-54.38,300.82,300.82,300.82,59,1.66,61
426,Olinda,1577916632,-37.84,145.39,291.2,289.26,293.15,59,3.1,20
427,Davila,1577916632,18.47,120.58,294.15,294.15,294.15,88,1.5,20
428,Salekhard,1577916097,66.54,66.62,256.37,256.37,256.37,85,3.52,29
429,Wichian Buri,1577916632,15.66,101.11,295.44,295.44,295.44,71,2.88,0
430,Pianco,1577916633,-7.2,-37.93,298.62,298.62,298.62,76,2.61,100
431,Tiksi,1577916633,71.64,128.87,240.36,240.36,240.36,79,2.07,0
432,Devils Lake,1577916633,48.11,-98.87,274.74,274.15,275.15,86,2.1,75
433,Crixas,1577916633,-14.55,-49.97,300.29,300.29,300.29,82,1.8,100
434,Mayo,1577916633,63.59,-135.9,270.15,270.15,270.15,73,4.6,75
435,Tera,1577916634,34.97,32.42,282.44,280.93,283.15,87,4.1,75
436,Kaitong,1577916634,44.81,123.15,254.49,254.49,254.49,86,3.86,15
437,Margate,1577916634,-43.03,147.26,289.73,287.04,291.15,39,6.7,75
438,Abu Dhabi,1577916607,24.47,54.37,293.15,293.15,293.15,88,1.0,100
439,Guerrero Negro,1577916634,27.97,-114.04,291.75,291.75,291.75,52,5.65,0
440,Ust-Nera,1577916634,64.57,143.24,250.59,250.59,250.59,97,1.75,99
441,Harrisburg,1577916362,40.27,-76.89,276.68,274.26,278.71,44,3.91,1
442,Sisimiut,1577916635,66.94,-53.67,254.86,254.86,254.86,87,2.47,99
443,Mishima,1577916635,35.15,138.95,274.79,268.15,279.26,95,1.34,78
444,Sur,1577916636,22.57,59.53,293.9,293.9,293.9,62,2.81,19
445,Camopi,1577916637,3.17,-52.33,299.3,299.3,299.3,68,1.79,73
446,Guaruja,1577916482,-23.99,-46.26,300.18,297.59,301.15,78,3.6,38
447,Banyo,1577916637,6.75,11.81,292.12,292.12,292.12,36,1.35,9
448,Sumenep,1577916425,-7.02,113.87,298.42,298.42,298.42,85,4.12,100
449,Werda,1577916637,-25.27,23.28,297.27,297.27,297.27,72,12.28,90
450,Iqaluit,1577916637,63.75,-68.52,257.15,257.15,257.15,77,1.5,90
451,Harper,1577916638,30.3,-99.24,282.6,281.48,283.15,93,3.1,90
452,Hede,1577916638,60.45,15.49,277.28,276.48,278.15,65,3.6,100
453,Novobohdanivka,1577916638,47.09,35.33,274.58,274.58,274.58,84,6.17,99
454,Kisangani,1577916638,0.52,25.21,298.0,298.0,298.0,71,1.48,95
455,Celestun,1577916638,20.87,-90.4,298.04,298.04,298.04,85,5.66,25
456,Morant Bay,1577916638,17.88,-76.41,301.69,301.48,302.15,79,6.7,20
457,Neryungri,1577916638,56.66,124.71,250.84,250.84,250.84,97,4.06,99
458,Klaksvik,1577916639,62.23,-6.59,282.15,282.15,282.15,100,12.3,100
459,Umm Kaddadah,1577916639,13.6,26.69,295.13,295.13,295.13,17,3.14,4
460,Aykhal,1577916660,65.95,111.51,255.15,255.15,255.15,84,2.0,0
461,Grand Gaube,1577916608,-20.01,57.66,298.37,298.15,298.71,94,1.5,20
462,Gallup,1577916660,35.53,-108.74,276.12,274.82,277.15,51,6.7,1
463,Flin Flon,1577916660,54.77,-101.88,263.15,263.15,263.15,85,2.6,90
464,Makat,1577916660,47.65,53.35,275.18,275.18,275.18,82,7.0,100
465,Skegness,1577916661,53.14,0.34,278.84,278.15,279.82,93,3.6,75
466,Winnemucca,1577916661,40.97,-117.74,282.08,282.04,282.15,61,6.2,75
467,San Francisco,1577916600,1.17,-76.88,294.15,294.15,294.15,73,3.1,40
468,Evensk,1577916661,61.92,159.24,257.01,257.01,257.01,80,5.49,82
469,Tungor,1577916661,53.39,142.95,256.79,256.79,256.79,93,8.58,100
470,Sayyan,1577916661,15.17,44.32,286.4,286.4,286.4,55,0.63,1
471,Kruisfontein,1577916661,-34.0,24.73,290.2,290.2,290.2,94,3.02,4
472,Nishihara,1577916662,35.74,139.53,274.87,269.26,280.15,51,4.1,20
473,Kiama,1577916662,-34.67,150.86,293.21,291.15,294.82,77,3.56,90
474,Xinzhou,1577916662,38.41,112.73,268.11,268.11,268.11,57,0.21,35
475,Oliver,1577916665,49.18,-119.55,279.74,279.26,280.15,75,4.1,75
476,Buala,1577916637,-8.15,159.59,300.49,300.49,300.49,76,1.44,84
477,Ponta Delgada,1577916665,37.73,-25.67,287.15,287.15,287.15,76,5.1,40
478,Fortuna Foothills,1577916666,32.66,-114.41,291.85,288.71,295.15,22,4.1,1
479,Abu Samrah,1577916666,35.3,37.18,281.92,281.92,281.92,84,2.71,8
480,Shimoda,1577916666,34.7,138.93,276.22,275.93,276.48,91,2.83,0
481,Hamilton,1577916570,43.26,-79.87,271.87,269.82,273.15,68,7.7,40
482,Tshikapa,1577916666,-6.42,20.79,295.5,295.5,295.5,92,0.54,100
483,Mwingi,1577916666,-0.93,38.07,292.2,292.2,292.2,83,1.05,74
484,Kieta,1577916666,-6.22,155.63,300.74,300.74,300.74,76,2.86,85
485,Axim,1577916667,4.87,-2.24,299.33,299.33,299.33,72,1.14,1
486,Lannion,1577916667,48.73,-3.46,281.99,281.48,282.15,93,2.6,90
487,Vanimo,1577916668,-2.67,141.3,301.29,301.29,301.29,76,5.41,97
488,Nikolayevsk-na-amure,1577916668,53.14,140.72,254.97,254.97,254.97,94,5.98,100
489,Lerwick,1577916668,60.15,-1.15,281.15,281.15,281.15,81,10.3,100
490,Polunochnoye,1577916668,60.87,60.43,257.76,257.76,257.76,89,1.45,100
491,Savinka,1577916668,50.08,47.1,273.21,273.21,273.21,96,5.59,97
492,Peniche,1577916668,39.36,-9.38,281.15,277.59,283.71,100,0.5,16
493,Aberystwyth,1577916668,52.41,-4.08,279.99,279.26,280.93,93,2.24,92
494,Ibra,1577916669,22.69,58.55,291.85,291.85,291.85,60,3.2,42
495,Prince Rupert,1577916669,54.32,-130.32,277.15,277.15,277.15,71,6.2,75
496,Cockburn Town,1577916669,21.46,-71.14,298.95,298.95,298.95,67,2.33,9
497,Salta,1577916670,-24.79,-65.41,301.99,295.15,305.15,83,2.1,75
498,Ampanihy,1577916670,-24.69,44.75,295.92,295.92,295.92,79,5.6,2
499,Gaya,1577916541,24.8,85.01,286.15,286.15,286.15,100,2.07,90
500,Chapais,1577916670,49.78,-74.86,269.15,269.15,269.15,92,2.6,90
501,Semirom,1577916670,31.41,51.57,269.65,269.65,269.65,95,2.2,100
502,Santa Isabel do Rio Negro,1577916670,-0.41,-65.02,305.82,305.82,305.82,50,1.51,33
503,Farafangana,1577916670,-22.82,47.83,300.37,300.37,300.37,70,3.4,68
504,Ulaanbaatar,1577916671,47.92,106.92,246.15,246.15,246.15,68,2.0,0
505,Bilma,1577916671,18.69,12.92,281.86,281.86,281.86,31,6.79,0
506,Nieuw Nickerie,1577916671,5.94,-56.99,299.02,299.02,299.02,78,5.14,8
507,Clyde River,1577916671,70.47,-68.59,250.15,250.15,250.15,69,4.6,20
508,North Bend,1577916671,43.41,-124.22,284.31,283.71,285.93,93,4.6,90
509,Marathon,1577916671,48.72,-86.38,270.15,270.15,270.15,86,5.7,75
510,Gremyachinsk,1577916671,58.57,57.83,263.15,263.15,263.15,84,0.45,100
511,Hornepayne,1577916672,49.22,-84.78,268.17,268.17,268.17,88,2.66,86
512,Makakilo City,1577916672,21.35,-158.09,298.93,297.15,300.15,54,3.6,1
513,Horta,1577916672,-10.93,-37.66,301.15,301.15,301.15,78,6.2,75
514,Tiznit,1577916672,29.7,-9.73,284.96,284.96,284.96,48,1.44,0
515,Lewistown,1577916672,40.39,-90.15,281.69,279.82,283.71,51,6.2,1
516,Marzuq,1577916672,14.4,46.47,290.74,290.74,290.74,87,1.68,4
517,Ulaangom,1577916672,49.98,92.07,245.93,245.93,245.93,95,0.79,29
518,Otradnoye,1577916673,59.77,30.8,276.0,275.93,276.15,93,6.0,90
519,Kangaatsiaq,1577916673,68.31,-53.46,261.05,261.05,261.05,69,3.01,100
520,Lucea,1577916673,18.44,-78.17,301.02,300.93,301.15,78,7.7,20
521,Dubti,1577916673,11.74,41.09,299.65,299.65,299.65,56,3.27,18
522,Wanning,1577916673,48.64,13.53,270.98,268.15,274.26,92,0.5,0
523,Moron,1577916674,18.56,-74.26,299.9,299.9,299.9,79,2.97,10
524,Andapa,1577916674,-14.66,49.65,292.52,292.52,292.52,96,1.24,100
525,Inyonga,1577916674,-6.72,32.06,292.52,292.52,292.52,85,1.44,100
526,Bar-le-Duc,1577916674,48.77,5.16,273.51,271.15,275.15,100,2.1,90
527,Arlit,1577916674,18.74,7.39,283.65,283.65,283.65,22,4.47,0
528,Russell,1577916674,38.9,-98.86,282.2,280.15,284.15,45,6.2,1
529,Anjiang,1577916675,27.32,110.14,279.27,279.27,279.27,82,1.61,100
530,Wamba,1577916675,2.14,27.99,297.71,297.71,297.71,51,1.05,99
531,Pareora,1577916675,-44.49,171.21,286.11,286.11,286.11,91,3.02,100
532,Pundaguitan,1577916675,6.37,126.17,299.26,299.26,299.26,84,4.64,57
533,Mnogovershinnyy,1577916676,53.94,139.92,251.59,251.59,251.59,94,5.18,93
534,Oranjestad,1577916603,12.52,-70.03,302.15,302.15,302.15,62,9.3,20
535,Misratah,1577916676,32.38,15.09,288.13,288.13,288.13,62,8.22,32
536,Havelock,1577916605,34.88,-76.9,284.75,283.15,286.15,55,4.6,1
537,Vila,1577916676,45.18,8.4,274.68,272.04,277.04,92,2.1,44
538,Port-Gentil,1577916676,-0.72,8.78,300.15,300.15,300.15,88,1.5,20
539,Mayor Pablo Lagerenza,1577916677,-19.93,-60.77,306.76,306.76,306.76,40,3.64,86
540,Palmer,1577916598,-34.85,139.16,292.36,290.37,294.26,59,1.05,0
541,Sept-Iles,1577916504,50.2,-66.38,269.93,269.82,270.15,86,4.6,90
542,Boralday,1577916677,43.36,76.86,271.15,271.15,271.15,92,2.0,90
543,Kahului,1577916677,20.89,-156.47,297.49,294.82,300.15,54,5.7,40
544,La Macarena,1577916677,2.18,-73.79,303.75,303.75,303.75,46,3.29,83
545,Berdigestyakh,1577916678,62.1,126.7,238.17,238.17,238.17,97,2.11,94
546,Fier,1577916678,40.73,19.56,279.21,279.21,279.21,48,3.2,51
547,Khromtau,1577916678,50.26,58.44,271.96,271.96,271.96,94,7.98,100
